元年（公元前）,师訇簋,逆钟,元年师(方[𠂉史])簋,师虎簋,舀鼎（曶鼎）,伯吕盨,师([甘水]页)簋,裘卫盉,师遽簋盖,颂鼎/颂簋/颂壶/颂壶盖,达盨盖,(疒兴)盨,师酉盘,兮甲盘,五年师(方[𠂉史])簋,九年卫鼎,太师虘簋,走簋,大簋盖,十五年大鼎,趞曹鼎,伯克壶,士山盘,此鼎/此簋,(走马)鼎,走马休盘,庚嬴鼎,典簋,(彔见)簋,小盂鼎,伊簋,廿七年卫簋,(虎斤)簋,㝨鼎/㝨盘,吴盉,晋侯稣钟1,晋侯稣钟2,伯（窥）父盨,晋侯稣钟3,鲜簋,四十二年佐鼎,四十三年佐鼎
1151,,,,,,,,建正:0,,,建正:0,错月:0/0,错月:0/0,,,,建正:0,,建正:0,,,建正:0,建正:0,错月:0/0,建正:0,,,建正:0,建正:0,建正:0,,,,错月:0/0,,错月:0/0,错月:0/0,,,错月:0/0,建正:0,建正:0
1150,超闰:*/0,失闰:0/*,建正:0,超闰:*/0,失闰:0/*,建正:0,建正:0,建正:0,,,建正:0,错月:0/0,失闰:0/*,,错月:0/0,,建正:0,建正:0,建正:0,建正:0,,,错月:0/0,,建正:0,建正:0,,错月:0/0,,失闰:0/*,,,,错月:0/0,,,,,,错月:0/0,建正:0,
1149,建正:0,,失闰:0/*,,,错月:0/0,错月:0/0,建正:0,建正:0,,建正:0,建正:0,,,错月:0/0,,错月:0/0,错月:0/0,,错月:0/0,错月:0/0,,错月:0/0,,,错月:0/0,,,,,错月:0/0,,建正:0,建正:0,建正:0,,,建正:0,,失闰:0/*,错月:0/0,
1148,建正:0,,,,,,错月:0/0,,错月:0/0,,,,,,错月:0/0,,,建正:0,,错月:0/0,错月:0/0,建正:0,,,,建正:0,错月:0/0,,,,建正:0,错月:0/0,建正:0,,错月:0/0,,错月:0/0,,,,,
1147,,错月:0/0,,建正:0,建正:0,,,,错月:0/0,超闰:*/-1,,,错月:0/0,,,,,,建正:0,,,错月:0/0,,错月:0/0,错月:0/0,,错月:0/0,错月:0/0,错月:0/0,建正:0,超闰:*/0,错月:0/0,建正:0,,错月:0/0,错月:0/0,错月:0/0,,,,,错月:0/0
1146,,建正:0,错月:0/0,错月:0/0,错月:0/0,超闰:*/0,,建正:0,,,建正:0,建正:0,建正:0,错月:0/+1,,,错月:0/0,,错月:0/0,,,错月:0/0,错月:0/0,建正:0,错月:0/0,,失闰:0/*,错月:0/0,错月:0/0,错月:0/0,,,,建正:0,,建正:0,建正:0,,失闰:+1/*,建正:0,错月:0/0,错月:0/0
1145,,建正:0,错月:0/0,失闰:0/*,建正:0,错月:0/0,,错月:0/0,,,错月:0/0,建正:0,,,建正:0,,错月:0/0,错月:0/0,错月:0/0,错月:0/0,,,建正:0,,,错月:0/0,,建正:0,失闰:0/*,失闰:0/*,,,,建正:0,,,,,,建正:0,错月:0/0,
1144,建正:0,,错月:0/0,,,错月:0/0,错月:0/0,错月:0/0,错月:0/0,,错月:0/0,失闰:0/*,,,建正:0,,错月:0/0,错月:0/0,,建正:0,建正:0,,建正:0,,,错月:0/0,,,,,建正:0,,建正:0,建正:0,超闰:*/0,,,超闰:*/-1,,,建正:0,
1143,错月:0/0,,,,,,建正:0,,建正:0,,,,,,建正:0,错月:0/+1,,建正:0,,建正:0,建正:0,超闰:*/0,,,,建正:0,建正:0,,,,建正:0,错月:0/0,错月:0/0,,建正:0,,,,,,,
1142,建正:0,建正:0,,错月:0/0,错月:0/0,,,,建正:0,,,,建正:0,,,,,,错月:0/0,,建正:0,建正:0,,建正:0,建正:0,,建正:0,建正:0,建正:0,错月:0/0,错月:0/0,建正:0,错月:0/0,,建正:0,建正:0,建正:0,,,,,建正:0
1141,,错月:0/0,建正:0,建正:0,建正:0,,,错月:0/0,,,错月:0/0,错月:0/0,错月:0/0,建正:0,,,,,建正:0,,,建正:0,建正:0,建正:0,建正:0,,建正:0,建正:0,建正:0,错月:0/0,,,,错月:0/0,,建正:0,建正:0,,建正:0,错月:0/0,建正:0,建正:0
1140,,错月:0/0,建正:0,建正:0,建正:0,建正:0,,建正:0,,,建正:0,错月:0/0,错月:0/0,,建正:0,,建正:0,建正:0,建正:0,建正:0,,,建正:0,错月:0/0,失闰:0/*,建正:0,,建正:0,超闰:*/0,超闰:*/0,,,,错月:0/0,,,,,,错月:0/0,建正:0,建正:0
1139,错月:0/0,,建正:0,,,建正:0,建正:0,建正:0,建正:0,,建正:0,错月:0/0,,,错月:0/0,,建正:0,建正:0,,建正:0,建正:0,,错月:0/0,,,建正:0,,,,,错月:0/0,,错月:0/0,错月:0/0,建正:0,,,,,失闰:0/*,建正:0,
1138,建正:0,,,,,失闰:0/*,错月:0/0,,建正:0,,,,,,错月:0/0,建正:0,,失闰:0/*,,错月:0/0,错月:0/0,,,,,错月:0/0,建正:0,,,,错月:0/0,建正:0,建正:0,,建正:0,,,,,,,
1137,超闰:*/0,错月:0/0,,建正:0,建正:0,,建正:0,,错月:0/0,,,,错月:0/0,,,,,,建正:0,,错月:0/0,错月:0/0,,错月:0/0,错月:0/0,,错月:0/0,,错月:0/0,建正:0,建正:0,错月:0/0,建正:0,,错月:0/0,错月:0/0,错月:0/0,,,,,错月:0/0
1136,,错月:0/0,建正:0,建正:0,建正:0,,,,,,建正:0,错月:0/0,错月:0/0,错月:-1/-1,,,,,建正:0,,,错月:0/0,超闰:*/0,错月:0/0,错月:0/0,,错月:0/0,错月:0/0,错月:0/0,建正:0,,错月:0/0,,,,错月:0/0,错月:0/0,,错月:-1/0,建正:0,错月:0/0,错月:0/0
1135,,建正:0,错月:0/0,错月:0/0,失闰:0/*,错月:0/0,,建正:0,,,建正:0,建正:0,建正:0,,超闰:*/0,,错月:0/0,错月:0/0,错月:0/0,错月:0/0,,失闰:0/*,错月:0/0,建正:0,错月:0/0,错月:0/0,,错月:0/0,错月:0/0,错月:0/0,,,,建正:0,,建正:0,失闰:0/*,,,建正:0,错月:0/0,错月:0/0
1134,建正:0,,错月:0/0,,,错月:0/0,错月:0/0,错月:0/0,错月:0/0,,错月:0/0,建正:0,,,建正:0,,错月:0/0,错月:0/0,,错月:0/0,错月:0/0,,建正:0,,,错月:0/0,,失闰:0/*,,,建正:0,,建正:0,建正:0,,,,,,建正:0,错月:0/0,
1133,建正:0,,,,,失闰:0/*,错月:0/0,,错月:0/0,,,,,,建正:0,,失闰:0/*,建正:0,,建正:0,建正:0,,,,,建正:0,超闰:*/0,,,,建正:0,错月:0/0,建正:0,失闰:0/*,错月:0/0,,,,,,,
1132,错月:0/0,,,错月:0/0,错月:0/0,,超闰:*/0,,建正:0,,,,建正:0,,,,,,错月:0/0,,建正:0,错月:0/0,,建正:0,建正:0,,建正:0,,错月:0/0,错月:0/0,建正:0,错月:0/0,错月:0/0,,建正:0,建正:0,建正:0,,,,,错月:0/0
1131,,建正:0,超闰:*/0,错月:0/0,错月:0/0,,,,,,超闰:*/0,建正:0,建正:0,,,,,,错月:0/0,,,建正:0,建正:0,建正:0,建正:0,,建正:0,建正:0,建正:0,错月:0/0,,建正:0,,,,建正:0,建正:0,,,建正:0,,建正:0
1130,,错月:0/0,建正:0,建正:0,建正:0,建正:0,,错月:0/0,,,错月:0/0,错月:0/0,错月:0/0,,,,建正:0,建正:0,建正:0,,,建正:0,建正:0,错月:0/0,建正:0,,,建正:0,建正:0,错月:0/0,,,,错月:0/0,,建正:0,建正:0,,,错月:0/0,建正:0,建正:0
1129,错月:0/0,,建正:0,,,建正:0,建正:0,建正:0,建正:0,,建正:0,错月:0/0,,,建正:0,,建正:0,建正:0,,建正:0,建正:0,,错月:0/0,,,建正:0,,超闰:*/0,,,,,超闰:*/0,错月:0/0,,,,,,错月:0/0,建正:0,
1128,错月:0/0,,,,,建正:0,建正:0,,建正:0,,,,,,错月:0/0,,建正:0,建正:0,,错月:0/0,错月:0/0,,,,,建正:0,,,,,错月:0/0,建正:0,错月:0/0,建正:0,建正:0,,,建正:+1,,,,
1127,建正:0,,,,建正:0,,错月:0/0,,建正:0,,,,超闰:*/0,,,,,,,,错月:0/0,建正:0,,错月:0/0,,,建正:0,,建正:0,建正:0,错月:0/0,建正:0,建正:0,,建正:0,错月:0/0,错月:0/0,,,,,建正:0
1126,,错月:0/0,,建正:0,建正:0,,,,,错月:0/+1,,,错月:0/0,,,,,,建正:0,,,错月:0/0,,错月:0/0,错月:0/0,,错月:0/0,错月:0/0,错月:0/0,建正:0,失闰:0/*,错月:0/0,,,失闰:0/*,错月:0/0,错月:0/0,,,超闰:*/0,,错月:0/0
1125,,错月:0/0,建正:0,建正:0,建正:0,建正:0,,建正:0,,,建正:0,建正:0,建正:0,,,,错月:0/0,超闰:*/0,错月:0/0,,,错月:0/0,错月:0/0,错月:0/0,错月:0/0,,,错月:0/0,错月:0/0,建正:0,,,,错月:0/0,,错月:0/0,错月:0/0,,,建正:0,错月:0/0,错月:0/0
1124,建正:0,,错月:0/0,,,错月:0/0,错月:0/0,错月:0/0,,,错月:0/0,建正:0,,,错月:0/0,,错月:0/0,错月:0/0,,错月:0/0,错月:0/0,,错月:0/0,,,错月:0/0,,失闰:0/*,,,,,,建正:0,,,,,,建正:0,错月:0/0,
1123,建正:0,,,,,错月:0/0,错月:0/0,错月:0/0,错月:0/0,,失闰:0/*,,,,建正:0,,错月:0/0,错月:0/0,,错月:0/0,错月:0/0,,,,,错月:0/0,,,,,建正:0,错月:0/0,建正:0,建正:0,错月:0/0,,,失闰:+1/*,,,失闰:0/*,
1122,错月:0/0,,,,超闰:*/0,,建正:0,,错月:0/0,,,,,,,,,,,,建正:0,错月:0/0,,超闰:*/0,,,错月:0/0,,,,建正:0,错月:0/0,错月:0/0,,错月:0/0,超闰:*/0,错月:0/0,,,,,超闰:*/0
1121,,建正:0,,错月:0/0,错月:0/0,,,,,建正:0,,,建正:0,,,,,,错月:0/0,,,错月:0/0,,建正:0,建正:0,,建正:0,错月:0/0,错月:0/0,错月:0/0,,建正:0,失闰:0/*,,建正:0,建正:0,建正:0,,,,,错月:0/0
1120,,建正:0,错月:0/0,错月:0/0,错月:0/0,错月:0/0,,错月:0/0,,,错月:0/0,建正:0,建正:0,,,,错月:0/0,,错月:0/0,,,建正:0,建正:0,建正:0,建正:0,,,建正:0,建正:0,错月:0/0,,,,建正:0,,建正:0,建正:0,,,建正:0,错月:0/0,建正:0
1119,超闰:*/0,错月:0/0,建正:0,失闰:0/*,,建正:0,建正:0,错月:0/0,,,错月:0/0,错月:0/0,,,建正:0,,建正:0,建正:0,,建正:0,,,建正:0,,失闰:0/*,建正:0,,建正:0,失闰:0/*,失闰:0/*,,,,错月:0/0,,,,,,错月:0/0,建正:0,
1118,错月:0/0,,建正:0,,,建正:0,建正:0,建正:0,建正:0,,,失闰:0/*,,,错月:0/0,,建正:0,建正:0,,建正:0,建正:0,,失闰:0/*,,,建正:0,,,,,错月:0/0,建正:0,错月:0/0,失闰:0/*,建正:0,,,建正:-1,,,建正:0,
1117,错月:0/0,,,,,,建正:0,,建正:0,,,,,,错月:0/0,失闰:+1/*,,超闰:*/0,,错月:0/0,错月:0/0,建正:0,,,,超闰:*/0,建正:0,,,,错月:0/0,建正:0,错月:0/0,,建正:0,,,,,,,
1116,,错月:0/0,,建正:0,建正:0,,,,失闰:0/*,超闰:*/-1,,,错月:0/0,,,,,,建正:0,,,建正:0,,错月:0/0,建正:0,,错月:0/0,建正:0,建正:0,建正:0,错月:0/0,建正:0,建正:0,,建正:0,错月:0/0,错月:0/0,,,,,建正:0
1115,,错月:0/0,建正:0,建正:0,建正:0,,,建正:0,,,建正:0,错月:0/0,错月:0/0,失闰:+1/*,,,,,建正:0,,,错月:0/0,错月:0/0,错月:0/0,错月:0/0,,建正:0,错月:0/0,错月:0/0,建正:0,,,,错月:0/0,,错月:0/0,错月:0/0,,建正:0,错月:0/0,建正:0,错月:0/0
1114,,建正:0,错月:0/0,失闰:0/*,建正:0,错月:0/0,,建正:0,,,建正:0,建正:0,建正:0,,错月:0/0,,错月:0/0,错月:0/0,错月:0/0,错月:0/0,,,错月:0/0,失闰:0/*,失闰:0/*,错月:0/0,,错月:0/0,,超闰:*/0,,,,错月:0/0,,,,,,建正:0,错月:0/0,
1113,建正:0,,错月:0/0,,,错月:0/0,错月:0/0,错月:0/0,错月:0/0,,错月:0/0,建正:0,,,错月:0/0,,错月:0/0,错月:0/0,,错月:0/0,错月:0/0,,错月:0/0,,,错月:0/0,,,,,错月:0/0,,建正:0,建正:0,错月:0/0,,,错月:-1/0,,超闰:*/0,错月:0/0,
1112,建正:0,,,,,,错月:0/0,,错月:0/0,,,,,,建正:0,建正:+1,,失闰:0/*,,错月:0/0,错月:0/0,超闰:*/0,,,,失闰:0/*,错月:0/0,,,,建正:0,错月:0/0,建正:0,,错月:0/0,,超闰:*/0,,,,,
1111,,建正:0,,错月:0/0,错月:0/0,,,,错月:0/0,,,,建正:0,,,,,,错月:0/0,,,错月:0/0,,建正:0,错月:0/0,,错月:0/0,超闰:*/0,错月:0/0,建正:0,建正:0,错月:0/0,错月:0/0,,错月:0/0,错月:0/0,错月:0/0,,,,,错月:0/0
1110,,建正:0,错月:0/0,错月:0/0,错月:0/0,,,错月:0/0,,,错月:0/0,建正:0,建正:0,错月:-1/0,,,超闰:*/0,,错月:0/0,,,建正:0,建正:0,建正:0,建正:0,,建正:0,错月:0/0,错月:0/0,错月:0/0,,,,,,建正:0,建正:0,,错月:0/+1,建正:0,错月:0/0,错月:0/0
1109,,建正:0,错月:0/0,错月:0/0,失闰:0/*,错月:0/0,,错月:0/0,,,错月:0/0,建正:0,建正:0,,建正:0,,错月:0/0,错月:0/0,错月:0/0,建正:0,,,建正:0,建正:0,建正:0,错月:0/0,,建正:0,超闰:*/0,错月:0/0,,,,建正:0,,建正:0,,,,错月:0/0,错月:0/0,建正:0
1108,错月:0/0,,建正:0,,,建正:0,建正:0,错月:0/0,错月:0/0,,错月:0/0,错月:0/0,,,建正:0,,建正:0,建正:0,,建正:0,建正:0,,建正:0,,,建正:0,,,,,建正:0,,错月:0/0,错月:0/0,,,,,,失闰:0/*,建正:0,
1107,错月:0/0,,,,,,建正:0,,建正:0,,,,,,错月:0/0,错月:-1/0,,建正:0,,建正:0,建正:0,,,,,建正:0,建正:0,,,,错月:0/0,建正:0,错月:0/0,,建正:0,,,,,,,
1106,失闰:0/*,建正:0,,错月:0/0,错月:0/0,,,,建正:0,,,,错月:0/0,,,,,,建正:0,,错月:0/0,建正:0,,建正:0,建正:0,,建正:0,,建正:0,错月:0/0,错月:0/0,建正:0,错月:0/0,,建正:0,建正:0,建正:0,,,,,建正:0
1105,,错月:0/0,建正:0,建正:0,建正:0,,,建正:0,,,建正:0,错月:0/0,错月:0/0,建正:-1,,,,,建正:0,,,建正:0,建正:0,错月:0/0,建正:0,,错月:0/0,建正:0,建正:0,建正:0,,建正:0,,超闰:*/0,,错月:0/0,错月:0/0,,建正:-1,错月:0/0,建正:0,建正:0
1104,,错月:0/0,建正:0,建正:0,建正:0,建正:0,,建正:0,,,建正:0,错月:0/0,错月:0/0,,错月:0/0,,建正:0,建正:0,建正:0,,,,错月:0/0,错月:0/0,错月:0/0,建正:0,,错月:0/0,失闰:0/*,建正:0,,,,错月:0/0,,失闰:0/*,建正:0,,,错月:0/0,建正:0,错月:0/0
1103,建正:0,,错月:0/0,,,错月:0/0,错月:0/0,建正:0,建正:0,,建正:0,建正:0,,,错月:0/0,,错月:0/0,错月:0/0,,错月:0/0,错月:0/0,,错月:0/0,,,错月:0/0,,,,,超闰:*/0,,建正:0,建正:0,,,,,,建正:0,错月:0/0,
1102,建正:0,,,,,失闰:0/*,错月:0/0,,错月:0/0,,,,,,错月:0/0,建正:-1,建正:0,错月:0/0,,错月:0/0,错月:0/0,,,,,错月:0/0,错月:0/0,,,,建正:0,错月:0/0,建正:0,,错月:0/0,,,,,,,
1101,建正:0,超闰:*/0,,,建正:0,,失闰:0/*,,错月:0/0,,,,错月:0/0,,,,,,,,错月:0/0,错月:0/0,,错月:0/0,错月:0/0,,错月:0/0,,错月:0/0,建正:0,建正:0,错月:0/0,建正:0,,错月:0/0,错月:0/0,错月:0/0,,,,,错月:0/0
1100,,建正:0,超闰:*/0,错月:0/0,错月:0/0,,,,,失闰:0/*,,建正:0,建正:0,,,,,,错月:0/0,,,错月:0/0,,建正:0,错月:0/0,,错月:0/0,错月:0/0,错月:0/0,错月:0/0,,错月:0/0,,,,错月:0/0,错月:0/0,,超闰:*/-1,建正:0,超闰:*/0,错月:0/0
1099,,建正:0,错月:0/0,错月:0/0,错月:0/0,错月:0/0,,错月:0/0,,,错月:0/0,建正:0,建正:0,,,,错月:0/0,超闰:*/0,错月:0/0,超闰:*/0,,建正:0,建正:0,建正:0,建正:0,超闰:*/0,,建正:0,建正:0,错月:0/0,,,,建正:0,,建正:0,超闰:*/0,,,建正:0,错月:0/0,建正:0
1098,建正:0,,错月:0/0,,,错月:0/0,错月:0/0,错月:0/0,超闰:*/0,,错月:0/0,错月:0/0,,,建正:0,,错月:0/0,错月:0/0,,建正:0,建正:0,,建正:0,,,错月:0/0,,超闰:*/0,,,,,,建正:0,,,,,,错月:0/0,建正:0,
1097,错月:0/0,,,,,建正:0,建正:0,,建正:0,,,,,,建正:0,,超闰:*/0,建正:0,,建正:0,建正:0,,,,,建正:0,,,,,建正:0,错月:0/0,错月:0/0,建正:0,错月:0/0,,,,,,,
1096,错月:0/0,,,超闰:*/0,错月:0/0,,建正:0,,建正:0,,,,建正:0,,,,,,超闰:*/0,,建正:0,建正:0,,建正:0,建正:0,,建正:0,,建正:0,,错月:0/0,建正:0,错月:0/0,,建正:0,建正:0,建正:0,,,,,建正:0
1095,,错月:0/0,,建正:0,建正:0,,,,,建正:+1,,超闰:*/0,错月:0/0,,,,,,建正:0,,,建正:0,,建正:0,建正:0,,建正:0,建正:0,建正:0,错月:0/0,,建正:0,,,建正:0,建正:0,建正:0,,,错月:0/0,,建正:0
1094,,错月:0/0,建正:0,建正:0,建正:0,建正:0,,建正:0,,,建正:0,错月:0/0,错月:0/0,,,,建正:0,,建正:0,,,建正:0,建正:0,错月:0/0,错月:0/0,,,建正:0,建正:0,建正:0,,,,错月:0/0,,错月:0/0,错月:0/0,,,错月:0/0,建正:0,建正:0
1093,错月:0/0,失闰:0/*,建正:0,,,建正:0,建正:0,建正:0,,,建正:0,错月:0/0,,,错月:0/0,,建正:0,建正:0,,建正:0,,,错月:0/0,,,建正:0,,失闰:0/*,,失闰:0/*,,,,错月:0/0,,,,,,错月:0/0,建正:0,
1092,建正:0,,失闰:0/*,,,错月:0/0,错月:0/0,建正:0,建正:0,,,,,,错月:0/0,,错月:0/0,错月:0/0,,错月:0/0,错月:0/0,,,,,错月:0/0,,,,,错月:0/0,建正:0,建正:0,超闰:*/0,建正:0,,,建正:0,,,失闰:0/*,
1091,建正:0,,,,,,错月:0/0,,错月:0/0,,,,,,失闰:0/*,,,,,失闰:0/*,错月:0/0,错月:0/0,,超闰:*/0,,建正:0,错月:0/0,,,,建正:0,错月:0/0,建正:0,,错月:0/0,错月:0/0,错月:0/0,,,,,建正:0
1090,,错月:0/0,,建正:0,建正:0,,,,,错月:-1/0,,,错月:0/0,,,,,,建正:0,,,错月:0/0,,错月:0/0,错月:0/0,,错月:0/0,错月:0/0,错月:0/0,建正:0,超闰:*/0,错月:0/0,,,错月:0/0,错月:0/0,错月:0/0,,,,,错月:0/0
1089,,建正:0,错月:0/0,错月:0/0,错月:0/0,错月:0/0,,建正:0,,,建正:0,建正:0,建正:0,,,,错月:0/0,,错月:0/0,,,错月:0/0,错月:0/0,建正:0,错月:0/0,,建正:0,错月:0/0,错月:0/0,错月:0/0,,,,建正:0,,建正:0,建正:0,,失闰:+1/*,建正:0,错月:0/0,错月:0/0
1088,,建正:0,错月:0/0,建正:0,,错月:0/0,错月:0/0,错月:0/0,,,错月:0/0,建正:0,,,建正:0,,错月:0/0,错月:0/0,失闰:0/*,错月:0/0,超闰:*/0,,建正:0,,失闰:0/*,错月:0/0,,建正:0,,,,,,建正:0,,,,,,建正:0,错月:0/0,
1087,建正:0,,失闰:0/*,,,错月:0/0,错月:0/0,错月:0/0,错月:0/0,,失闰:0/*,失闰:0/*,,,建正:0,,建正:0,建正:0,,建正:0,建正:0,,建正:0,,,错月:0/0,,,,,建正:0,,建正:0,建正:0,错月:0/0,,,错月:-1/+1,,,建正:0,
1086,错月:0/0,,,,,,建正:0,,建正:0,,,,,,建正:0,,,失闰:0/*,,建正:0,建正:0,超闰:*/0,,,,超闰:*/0,建正:0,,,,建正:0,错月:0/0,错月:0/0,,建正:0,,建正:0,,,,,
1085,,建正:0,,错月:0/0,错月:0/0,,,,建正:0,建正:-1,,,建正:0,,,,,,错月:0/0,,,建正:0,,建正:0,建正:0,,建正:0,建正:0,建正:0,错月:0/0,失闰:0/*,建正:0,错月:0/0,,建正:0,建正:0,建正:0,,,,,建正:0
1084,,错月:0/0,建正:0,建正:0,建正:0,建正:0,,错月:0/0,,,错月:0/0,错月:0/0,错月:0/0,建正:+1,,,建正:0,,建正:0,,,建正:0,建正:0,建正:0,建正:0,,建正:0,建正:0,建正:0,错月:0/0,,,,错月:0/0,,建正:0,建正:0,,建正:+1,错月:0/0,建正:0,建正:0
1083,,错月:0/0,建正:0,超闰:*/0,失闰:0/*,建正:0,,建正:0,,,建正:0,错月:0/0,失闰:0/*,,建正:0,,建正:0,建正:0,建正:0,建正:0,,,建正:0,,建正:0,建正:0,,建正:0,超闰:*/0,超闰:*/0,,,,错月:0/0,,,,,,错月:0/0,建正:0,
1082,错月:0/0,,建正:0,,,建正:0,建正:0,建正:0,建正:0,,建正:0,错月:0/0,,,错月:0/0,,建正:0,建正:0,,建正:0,建正:0,,错月:0/0,,,建正:0,,,,,错月:0/0,,错月:0/0,错月:0/0,建正:0,,,,,建正:0,建正:0,
1081,建正:0,,,,,,错月:0/0,,建正:0,,,,,,错月:0/0,建正:+1,,失闰:0/*,,错月:0/0,错月:0/0,建正:0,,,,错月:0/0,建正:0,,,,错月:0/0,建正:0,建正:0,,建正:0,,,,,,,
1080,失闰:0/*,错月:0/0,,建正:0,建正:0,,,,错月:0/0,,,,错月:0/0,,,,,,建正:0,,失闰:0/*,错月:0/0,,错月:0/0,错月:0/0,,错月:0/0,超闰:*/0,错月:0/0,建正:0,建正:0,错月:0/0,建正:0,,错月:0/0,错月:0/0,错月:0/0,,,,,建正:0
1079,,错月:0/0,建正:0,建正:0,建正:0,,,建正:0,,,建正:0,建正:0,建正:0,错月:0/+1,,,,,建正:0,,,错月:0/0,错月:0/0,错月:0/0,错月:0/0,,错月:0/0,错月:0/0,错月:0/0,建正:0,,,,超闰:*/0,,错月:0/0,错月:0/0,,错月:-1/0,建正:0,建正:0,错月:0/0
1078,,建正:0,错月:0/0,错月:0/0,失闰:0/*,错月:0/0,,错月:0/0,,,错月:0/0,建正:0,建正:0,,错月:0/0,,错月:0/0,错月:0/0,错月:0/0,错月:0/0,,,错月:0/0,建正:0,错月:0/0,错月:0/0,,错月:0/0,建正:0,失闰:0/*,,,,建正:0,,,失闰:0/*,,,建正:0,错月:0/0,失闰:0/*
1077,建正:0,,错月:0/0,,,错月:0/0,错月:0/0,错月:0/0,错月:0/0,,错月:0/0,建正:0,,,建正:0,,错月:0/0,错月:0/0,,错月:0/0,错月:0/0,,建正:0,,,错月:0/0,,,,,建正:0,,建正:0,建正:0,超闰:*/0,,,超闰:*/-1,,建正:0,错月:0/0,
1076,错月:0/0,,,,,,建正:0,,错月:0/0,,,,,,建正:0,建正:0,,建正:0,,建正:0,建正:0,,,,,建正:0,错月:0/0,,,,建正:0,错月:0/0,建正:0,,错月:0/0,,,,,,,
1075,建正:0,建正:0,,错月:0/0,错月:0/0,,错月:0/0,,建正:0,,,,建正:0,,,,,,错月:0/0,,建正:0,错月:0/0,,建正:0,建正:0,,建正:0,,错月:0/0,错月:0/0,建正:0,错月:0/0,错月:0/0,,建正:0,建正:0,建正:0,,,,,错月:0/0
1074,,建正:0,错月:0/0,错月:0/0,错月:0/0,,,超闰:*/0,,,错月:0/0,建正:0,建正:0,建正:-1,,,,,错月:0/0,,,建正:0,建正:0,建正:0,建正:0,,建正:0,建正:0,建正:0,错月:0/0,,建正:0,,,,建正:0,建正:0,,错月:-1/0,建正:0,超闰:*/0,建正:0
1073,,错月:0/0,建正:0,建正:0,建正:0,建正:0,,错月:0/0,,,错月:0/0,错月:0/0,错月:0/0,,建正:0,,建正:0,建正:0,建正:0,建正:0,,,建正:0,错月:0/0,建正:0,建正:0,,建正:0,建正:0,错月:0/0,,,,错月:0/0,,建正:0,失闰:0/*,,,错月:0/0,建正:0,建正:0
1072,错月:0/0,,建正:0,,,建正:0,建正:0,建正:0,建正:0,,建正:0,错月:0/0,,,建正:0,,建正:0,建正:0,,建正:0,建正:0,,错月:0/0,,,建正:0,,失闰:0/*,,,错月:0/0,,错月:0/0,错月:0/0,,,,,,错月:0/0,建正:0,
1071,错月:0/0,,,,,建正:0,建正:0,,建正:0,,,,,,错月:0/0,超闰:*/-1,失闰:0/*,建正:0,,错月:0/0,错月:0/0,,,,,建正:0,建正:0,,,,错月:0/0,建正:0,错月:0/0,建正:0,建正:0,,,,,,,
1070,建正:0,,,建正:0,建正:0,,失闰:0/*,,建正:0,,,,错月:0/0,,,,,,建正:0,,错月:0/0,建正:0,,错月:0/0,建正:0,,建正:0,,建正:0,建正:0,错月:0/0,建正:0,建正:0,,建正:0,建正:0,建正:0,,,,,建正:0
1069,,错月:0/0,,建正:0,建正:0,,,,,失闰:+1/*,建正:0,超闰:*/0,错月:0/0,超闰:*/-1,,,,,建正:0,,,错月:0/0,超闰:*/0,错月:0/0,错月:0/0,,错月:0/0,错月:0/0,错月:0/0,建正:0,,错月:0/0,,,失闰:0/*,错月:0/0,错月:0/0,,,错月:0/0,,错月:0/0
1068,,错月:0/0,建正:0,建正:0,建正:0,建正:0,,建正:0,,,建正:0,建正:0,建正:0,,超闰:*/0,,错月:0/0,超闰:*/0,错月:0/0,,,失闰:0/*,错月:0/0,错月:0/0,错月:0/0,,,错月:0/0,错月:0/0,建正:0,,,,错月:0/0,,错月:0/0,错月:0/0,,,建正:0,错月:0/0,错月:0/0
1067,建正:0,,错月:0/0,,,错月:0/0,错月:0/0,错月:0/0,超闰:*/0,,错月:0/0,建正:0,,,错月:0/0,,错月:0/0,错月:0/0,,错月:0/0,错月:0/0,,错月:0/0,,,错月:0/0,,失闰:0/*,,,,,,建正:0,,,,,,建正:0,错月:0/0,
1066,建正:0,,,,,错月:0/0,错月:0/0,,错月:0/0,,,,,,建正:0,,失闰:0/*,错月:0/0,,错月:0/0,错月:0/0,,,,,错月:0/0,超闰:*/0,,,,建正:0,错月:0/0,建正:0,失闰:0/*,错月:0/0,,,失闰:+1/*,,,,
1065,错月:0/0,,,,超闰:*/0,,建正:0,,错月:0/0,,,,,,,,,,,,建正:0,错月:0/0,,超闰:*/0,,,错月:0/0,,错月:0/0,,建正:0,错月:0/0,建正:0,,错月:0/0,错月:0/0,错月:0/0,,,,,错月:0/0
1064,,建正:0,,错月:0/0,错月:0/0,,,,,建正:0,,,建正:0,,,,,,错月:0/0,,,错月:0/0,,建正:0,建正:0,,建正:0,错月:0/0,错月:0/0,错月:0/0,失闰:0/*,错月:0/0,,,,建正:0,建正:0,,,,,错月:0/0
1063,,建正:0,错月:0/0,错月:0/0,错月:0/0,错月:0/0,,错月:0/0,,,错月:0/0,建正:0,建正:0,,,,错月:0/0,,错月:0/0,,,建正:0,建正:0,建正:0,建正:0,,,建正:0,建正:0,错月:0/0,,,,建正:0,,建正:0,建正:0,,,建正:0,错月:0/0,建正:0
1062,错月:0/0,,建正:0,失闰:0/*,,建正:0,建正:0,错月:0/0,,,错月:0/0,错月:0/0,,,建正:0,,建正:0,建正:0,,建正:0,建正:0,,建正:0,,,建正:0,,建正:0,,,,,,错月:0/0,,,,,,错月:0/0,建正:0,
1061,错月:0/0,,,,,建正:0,建正:0,建正:0,建正:0,,,,,,错月:0/0,,建正:0,建正:0,,建正:0,建正:0,,失闰:0/*,,,建正:0,,,,,错月:0/0,建正:0,错月:0/0,失闰:0/*,建正:0,,,建正:+1,,,建正:0,
1060,错月:0/0,,,,超闰:*/0,,建正:0,,建正:0,,,,超闰:*/0,,失闰:0/*,,,失闰:0/*,,,错月:0/0,建正:0,,建正:0,,失闰:0/*,建正:0,,,,错月:0/0,建正:0,错月:0/0,,建正:0,建正:0,建正:0,,,,,
1059,,错月:0/0,,建正:0,建正:0,,,,,错月:0/+1,,,错月:0/0,,,,,,建正:0,,,建正:0,,错月:0/0,建正:0,,建正:0,建正:0,建正:0,建正:0,建正:0,建正:0,,,建正:0,错月:0/0,错月:0/0,,,超闰:*/0,,建正:0
1058,,错月:0/0,建正:0,建正:0,建正:0,建正:0,,建正:0,,,建正:0,错月:0/0,错月:0/0,失闰:+1/*,,,建正:0,,建正:0,,,错月:0/0,错月:0/0,错月:0/0,错月:0/0,,建正:0,错月:0/0,错月:0/0,建正:0,,,,错月:0/0,,错月:0/0,错月:0/0,,,错月:0/0,建正:0,错月:0/0
1057,,建正:0,错月:0/0,,,错月:0/0,错月:0/0,建正:0,,,建正:0,建正:0,,,错月:0/0,,错月:0/0,错月:0/0,,错月:0/0,,,错月:0/0,,,建正:0,,错月:0/0,,超闰:*/0,,,,错月:0/0,,,,,,建正:0,错月:0/0,
1056,建正:0,,错月:0/0,,,错月:0/0,错月:0/0,错月:0/0,错月:0/0,,失闰:0/*,,,,错月:0/0,,错月:0/0,错月:0/0,,错月:0/0,错月:0/0,,错月:0/0,,,错月:0/0,,,,,错月:0/0,,建正:0,建正:0,错月:0/0,,,错月:-1/0,,,错月:0/0,
1055,建正:0,,,,,,错月:0/0,,错月:0/0,,,,,,建正:0,建正:+1,,建正:0,,错月:0/0,错月:0/0,错月:0/0,,,,失闰:0/*,错月:0/0,,,,建正:0,错月:0/0,建正:0,,错月:0/0,超闰:*/0,超闰:*/0,,,,,
1054,,建正:0,,错月:0/0,错月:0/0,,,,失闰:0/*,,,,建正:0,,,,,,错月:0/0,,,错月:0/0,,错月:0/0,错月:0/0,,错月:0/0,错月:0/0,错月:0/0,建正:0,建正:0,错月:0/0,失闰:0/*,,错月:0/0,错月:0/0,错月:0/0,,,,,错月:0/0
1053,,建正:0,错月:0/0,错月:0/0,错月:0/0,超闰:*/0,,错月:0/0,,,错月:0/0,建正:0,建正:0,失闰:0/*,,,超闰:*/0,,错月:0/0,,,错月:0/0,错月:0/0,建正:0,建正:0,,超闰:*/0,错月:0/0,错月:0/0,错月:0/0,,,,建正:0,,建正:0,建正:0,,错月:0/+1,建正:0,错月:0/0,错月:0/0
1052,,建正:0,错月:0/0,失闰:0/*,失闰:0/*,错月:0/0,,错月:0/0,,,错月:0/0,建正:0,建正:0,,建正:0,,错月:0/0,错月:0/0,错月:0/0,错月:0/0,,,建正:0,,超闰:*/0,错月:0/0,,建正:0,失闰:0/*,建正:0,,,,建正:0,,,,,,建正:0,错月:0/0,
1051,错月:0/0,,建正:0,,,建正:0,建正:0,错月:0/0,错月:0/0,,错月:0/0,错月:0/0,,,建正:0,,建正:0,建正:0,,建正:0,建正:0,,建正:0,,,建正:0,,,,,建正:0,,错月:0/0,错月:0/0,错月:0/0,,,超闰:*/-1,,建正:0,建正:0,
1050,错月:0/0,,,,,,建正:0,,建正:0,,,,,,错月:0/0,失闰:+1/*,,超闰:*/0,,建正:0,建正:0,,,,,建正:0,建正:0,,,,错月:0/0,建正:0,错月:0/0,,建正:0,,,,,,,
1049,建正:0,建正:0,,错月:0/0,错月:0/0,,失闰:0/*,,建正:0,,,,错月:0/0,,,,,,错月:0/0,,,建正:0,,建正:0,建正:0,,建正:0,建正:0,建正:0,错月:0/0,错月:0/0,建正:0,错月:0/0,,建正:0,建正:0,建正:0,,,,,建正:0
1048,,错月:0/0,建正:0,建正:0,建正:0,,,建正:0,,,建正:0,错月:0/0,错月:0/0,建正:0,,,,,建正:0,,,建正:0,建正:0,错月:0/0,建正:0,,错月:0/0,建正:0,建正:0,建正:0,,建正:0,,超闰:*/0,,错月:0/0,错月:0/0,,建正:0,错月:0/0,建正:0,建正:0
1047,,错月:0/0,建正:0,建正:0,超闰:*/0,建正:0,,建正:0,,,建正:0,错月:0/0,错月:0/0,,错月:0/0,,建正:0,建正:0,建正:0,建正:0,,,错月:0/0,失闰:0/*,失闰:0/*,建正:0,,错月:0/0,失闰:0/*,建正:0,,,,错月:0/0,,失闰:0/*,,,,错月:0/0,建正:0,失闰:0/*
1046,建正:0,,错月:0/0,,,错月:0/0,错月:0/0,建正:0,建正:0,,建正:0,建正:0,,,错月:0/0,,错月:0/0,错月:0/0,,错月:0/0,错月:0/0,,错月:0/0,,,错月:0/0,,,,,错月:0/0,,错月:0/0,错月:0/0,,,,,,超闰:*/0,错月:0/0,
1045,建正:0,,,,,,错月:0/0,,错月:0/0,,,,,,错月:0/0,建正:-1,,错月:0/0,,错月:0/0,错月:0/0,,,,,错月:0/0,错月:0/0,,,,错月:0/0,建正:0,建正:0,,错月:0/0,,,,,,,
1044,超闰:*/0,超闰:*/0,,建正:0,建正:0,,建正:0,,错月:0/0,,,,错月:0/0,,,,,,建正:0,,错月:0/0,错月:0/0,,错月:0/0,错月:0/0,,错月:0/0,,错月:0/0,建正:0,建正:0,错月:0/0,建正:0,,错月:0/0,错月:0/0,错月:0/0,,,,,错月:0/0
1043,,建正:0,错月:0/0,错月:0/0,错月:0/0,,,建正:0,,,建正:0,建正:0,建正:0,超闰:*/0,,,,,错月:0/0,,,错月:0/0,错月:0/0,建正:0,错月:0/0,,错月:0/0,错月:0/0,错月:0/0,建正:0,,失闰:0/*,,,,错月:0/0,错月:0/0,,超闰:*/-1,建正:0,超闰:*/0,错月:0/0
1042,,建正:0,错月:0/0,错月:0/0,错月:0/0,错月:0/0,,错月:0/0,,,错月:0/0,建正:0,建正:0,,错月:0/0,,错月:0/0,错月:0/0,错月:0/0,超闰:*/0,,,建正:0,建正:0,建正:0,错月:0/0,,错月:0/0,错月:0/0,错月:0/0,,,,建正:0,,建正:0,超闰:*/0,,,建正:0,错月:0/0,建正:0
1041,建正:0,,错月:0/0,,,错月:0/0,错月:0/0,错月:0/0,错月:0/0,,错月:0/0,建正:0,,,建正:0,,错月:0/0,错月:0/0,,建正:0,建正:0,,建正:0,,,错月:0/0,,失闰:0/*,,,,,建正:0,建正:0,,,,,,错月:0/0,建正:0,
1040,错月:0/0,,,,,建正:0,建正:0,,错月:0/0,,,,,,建正:0,错月:-1/0,超闰:*/0,建正:0,,建正:0,建正:0,,,,,建正:0,错月:0/0,,,,建正:0,错月:0/0,错月:0/0,,错月:0/0,,,,,,,
1039,失闰:0/*,,,超闰:*/0,错月:0/0,,超闰:*/0,,建正:0,,,,建正:0,,,,,,超闰:*/0,,建正:0,建正:0,,建正:0,建正:0,,建正:0,,建正:0,错月:0/0,错月:0/0,建正:0,错月:0/0,,建正:0,建正:0,建正:0,,,,,建正:0
1038,,建正:0,超闰:*/0,错月:0/0,错月:0/0,,,,,建正:+1,超闰:*/0,错月:0/0,错月:0/0,,,,,,建正:0,,,建正:0,,建正:0,建正:0,,建正:0,建正:0,建正:0,错月:0/0,,建正:0,,,,建正:0,建正:0,,,错月:0/0,,建正:0
1037,,错月:0/0,建正:0,建正:0,建正:0,建正:0,,建正:0,,,建正:0,错月:0/0,错月:0/0,,,,建正:0,建正:0,建正:0,,,建正:0,建正:0,错月:0/0,建正:0,,,建正:0,建正:0,建正:0,,,,错月:0/0,,错月:0/0,失闰:0/*,,,错月:0/0,建正:0,建正:0
1036,错月:0/0,,建正:0,,,建正:0,建正:0,建正:0,,,建正:0,错月:0/0,,,错月:0/0,,建正:0,建正:0,,建正:0,建正:0,,错月:0/0,,,建正:0,,建正:0,,,超闰:*/0,,超闰:*/0,错月:0/0,,,,,,错月:0/0,建正:0,
1035,建正:0,,,,,错月:0/0,错月:0/0,,建正:0,,,,,,错月:0/0,,建正:0,错月:0/0,,错月:0/0,错月:0/0,,,,,错月:0/0,,,,,错月:0/0,建正:0,建正:0,超闰:*/0,建正:0,,,,,,,
1034,建正:0,,,,建正:0,,错月:0/0,,错月:0/0,,,,超闰:*/0,,,,,,,,错月:0/0,建正:0,,错月:0/0,超闰:*/0,,错月:0/0,,,,建正:0,错月:0/0,建正:0,,错月:0/0,错月:0/0,错月:0/0,,,,,建正:0
1033,,错月:0/0,,建正:0,建正:0,,,,,错月:0/+1,,,错月:0/0,,,,,,建正:0,,,错月:0/0,,错月:0/0,错月:0/0,,错月:0/0,错月:0/0,错月:0/0,建正:0,,错月:0/0,,,错月:0/0,错月:0/0,错月:0/0,,,建正:0,,错月:0/0
1032,,建正:0,错月:0/0,错月:0/0,错月:0/0,错月:0/0,,建正:0,,,建正:0,建正:0,建正:0,,,,错月:0/0,,错月:0/0,,,错月:0/0,错月:0/0,建正:0,错月:0/0,,,错月:0/0,错月:0/0,错月:0/0,,,,建正:0,,建正:0,建正:0,,,建正:0,错月:0/0,错月:0/0
1031,建正:0,建正:0,错月:0/0,,,错月:0/0,错月:0/0,错月:0/0,,,错月:0/0,建正:0,,,建正:0,,错月:0/0,错月:0/0,,错月:0/0,超闰:*/0,,建正:0,,,错月:0/0,,建正:0,,,,,,建正:0,,,,,,建正:0,错月:0/0,
1030,建正:0,,失闰:0/*,,,错月:0/0,错月:0/0,失闰:0/*,错月:0/0,,,,,,建正:0,,错月:0/0,错月:0/0,,建正:0,建正:0,,,,,错月:0/0,,,,,建正:0,错月:0/0,建正:0,超闰:*/0,错月:0/0,,,错月:0/+1,,,,
1029,错月:0/0,,,,,,建正:0,,建正:0,,,,,,,,,失闰:0/*,,建正:0,建正:0,错月:0/0,,,,失闰:0/*,建正:0,,超闰:*/0,,建正:0,错月:0/0,错月:0/0,,建正:0,建正:0,建正:0,,,,,超闰:*/0
1028,,建正:0,,错月:0/0,错月:0/0,,,,,建正:-1,,,建正:0,,,,,,错月:0/0,,,建正:0,,建正:0,建正:0,,建正:0,建正:0,建正:0,错月:0/0,建正:0,建正:0,,,建正:0,建正:0,建正:0,,,,,建正:0
1027,,错月:0/0,建正:0,建正:0,建正:0,建正:0,,错月:0/0,,,错月:0/0,错月:0/0,错月:0/0,,,,建正:0,,建正:0,,,建正:0,建正:0,建正:0,建正:0,,失闰:0/*,建正:0,建正:0,错月:0/0,,,,错月:0/0,,建正:0,建正:0,,,错月:0/0,建正:0,建正:0
1026,超闰:*/0,失闰:0/*,建正:0,超闰:*/0,失闰:0/*,建正:0,建正:0,建正:0,,,建正:0,错月:0/0,失闰:0/*,,建正:0,,建正:0,建正:0,建正:0,建正:0,,,建正:0,,建正:0,建正:0,,建正:0,,失闰:0/*,,,,错月:0/0,,,,,,错月:0/0,建正:0,
1025,错月:0/0,,建正:0,,,建正:0,建正:0,建正:0,建正:0,,建正:0,错月:0/0,,,错月:0/0,,建正:0,建正:0,,建正:0,建正:0,,错月:0/0,,,建正:0,,,,,错月:0/0,,错月:0/0,错月:0/0,建正:0,,,建正:0,,建正:0,建正:0,
1024,建正:0,,,,,,错月:0/0,,建正:0,,,,,,错月:0/0,,,建正:0,,错月:0/0,错月:0/0,建正:0,,,,建正:0,建正:0,,,,错月:0/0,建正:0,建正:0,,建正:0,,建正:0,,,,,
1023,,错月:0/0,,建正:0,建正:0,,,,错月:0/0,超闰:*/0,,,错月:0/0,,,,,,建正:0,,,错月:0/0,,错月:0/0,错月:0/0,,错月:0/0,错月:0/0,错月:0/0,建正:0,超闰:*/0,错月:0/0,建正:0,,错月:0/0,错月:0/0,错月:0/0,,,,,建正:0
1022,,错月:0/0,建正:0,建正:0,建正:0,,,建正:0,,,建正:0,错月:0/0,错月:0/0,错月:0/+1,,,建正:0,,建正:0,,,错月:0/0,错月:0/0,错月:0/0,错月:0/0,,失闰:0/*,错月:0/0,错月:0/0,建正:0,,,,错月:0/0,,错月:0/0,错月:0/0,,失闰:+1/*,建正:0,建正:0,错月:0/0
1021,,建正:0,错月:0/0,建正:0,,错月:0/0,超闰:*/0,建正:0,,,建正:0,建正:0,,,错月:0/0,,错月:0/0,错月:0/0,错月:0/0,错月:0/0,,,错月:0/0,,失闰:0/*,错月:0/0,,错月:0/0,建正:0,失闰:0/*,,,,建正:0,,,,,,建正:0,错月:0/0,失闰:0/*
1020,建正:0,,错月:0/0,,,错月:0/0,错月:0/0,错月:0/0,错月:0/0,,错月:0/0,建正:0,,,建正:0,,错月:0/0,错月:0/0,,错月:0/0,错月:0/0,,建正:0,,,错月:0/0,,,,,建正:0,,建正:0,建正:0,超闰:*/0,,,超闰:*/-1,,失闰:0/*,错月:0/0,
1019,建正:0,,,,,,错月:0/0,,错月:0/0,,,,,,建正:0,建正:0,,建正:0,,建正:0,建正:0,超闰:*/0,,,,建正:0,错月:0/0,,,,建正:0,错月:0/0,建正:0,,错月:0/0,,,,,,,
1018,建正:0,建正:0,,错月:0/0,错月:0/0,,,,建正:0,,,,建正:0,,,,,,错月:0/0,,建正:0,错月:0/0,,建正:0,建正:0,,建正:0,超闰:*/0,错月:0/0,错月:0/0,建正:0,错月:0/0,错月:0/0,,建正:0,建正:0,建正:0,,,,,错月:0/0
1017,,建正:0,错月:0/0,错月:0/0,错月:0/0,,,错月:0/0,,,错月:0/0,建正:0,建正:0,建正:0,,,,,错月:0/0,,,建正:0,建正:0,建正:0,建正:0,,建正:0,建正:0,建正:0,错月:0/0,,,,建正:0,,建正:0,建正:0,,错月:-1/0,建正:0,错月:0/0,建正:0
1016,,错月:0/0,建正:0,建正:0,建正:0,建正:0,,错月:0/0,,,错月:0/0,错月:0/0,错月:0/0,,建正:0,,建正:0,建正:0,建正:0,建正:0,,,建正:0,错月:0/0,建正:0,建正:0,,建正:0,超闰:*/0,失闰:0/*,,,,错月:0/0,,,失闰:0/*,,,错月:0/0,建正:0,建正:0
1015,错月:0/0,,建正:0,,,建正:0,建正:0,建正:0,建正:0,,建正:0,错月:0/0,,,建正:0,,建正:0,建正:0,,建正:0,建正:0,,错月:0/0,,,建正:0,,,,,错月:0/0,,错月:0/0,错月:0/0,建正:0,,,,,失闰:0/*,建正:0,
1014,错月:0/0,,,,,,建正:0,,建正:0,,,,,,错月:0/0,错月:-1/0,失闰:0/*,建正:0,,错月:0/0,错月:0/0,,,,,建正:0,建正:0,,,,错月:0/0,建正:0,错月:0/0,,建正:0,,,,,,,
1013,超闰:*/0,错月:0/0,,建正:0,建正:0,,建正:0,,建正:0,,,,错月:0/0,,,,,,建正:0,,失闰:0/*,建正:0,,错月:0/0,建正:0,,建正:0,,建正:0,建正:0,错月:0/0,建正:0,建正:0,,建正:0,建正:0,建正:0,,,,,建正:0
1012,,错月:0/0,建正:0,建正:0,建正:0,,,,,,建正:0,错月:0/0,错月:0/0,错月:-1/-1,,,,,建正:0,,,错月:0/0,超闰:*/0,错月:0/0,错月:0/0,,错月:0/0,错月:0/0,错月:0/0,建正:0,,错月:0/0,,,,错月:0/0,错月:0/0,,建正:-1,错月:0/0,建正:0,错月:0/0
1011,,错月:0/0,建正:0,建正:0,建正:0,建正:0,,建正:0,,,建正:0,建正:0,建正:0,,超闰:*/0,,错月:0/0,错月:0/0,错月:0/0,错月:0/0,,失闰:0/*,错月:0/0,错月:0/0,错月:0/0,建正:0,,错月:0/0,错月:0/0,建正:0,,,,错月:0/0,,错月:0/0,建正:0,,,建正:0,错月:0/0,错月:0/0
1010,建正:0,,错月:0/0,,,错月:0/0,错月:0/0,错月:0/0,错月:0/0,,错月:0/0,建正:0,,,错月:0/0,,错月:0/0,错月:0/0,,错月:0/0,错月:0/0,,错月:0/0,,,错月:0/0,,建正:0,,,超闰:*/0,,建正:0,建正:0,,,,,,建正:0,错月:0/0,
1009,建正:0,,,,,失闰:0/*,错月:0/0,,错月:0/0,,,,,,建正:0,建正:-1,,错月:0/0,,错月:0/0,错月:0/0,,,,,错月:0/0,超闰:*/0,,,,建正:0,错月:0/0,建正:0,失闰:0/*,错月:0/0,,,,,,,
1008,错月:0/0,,,错月:0/0,错月:0/0,,超闰:*/0,,错月:0/0,,,,建正:0,,,,,,错月:0/0,,建正:0,错月:0/0,,错月:0/0,错月:0/0,,错月:0/0,,错月:0/0,建正:0,建正:0,错月:0/0,建正:0,,错月:0/0,错月:0/0,错月:0/0,,,,,错月:0/0
1007,,建正:0,超闰:*/0,错月:0/0,错月:0/0,,,,,,超闰:*/0,建正:0,建正:0,,,,,,错月:0/0,,,错月:0/0,超闰:*/0,建正:0,建正:0,,建正:0,错月:0/0,错月:0/0,错月:0/0,,错月:0/0,,,,建正:0,建正:0,,,建正:0,,错月:0/0
1006,,建正:0,错月:0/0,错月:0/0,错月:0/0,错月:0/0,,错月:0/0,,,错月:0/0,建正:0,建正:0,,,,错月:0/0,超闰:*/0,错月:0/0,,,建正:0,建正:0,建正:0,建正:0,,,建正:0,建正:0,错月:0/0,,,,建正:0,,建正:0,建正:0,,,建正:0,错月:0/0,建正:0
1005,错月:0/0,,建正:0,,,建正:0,建正:0,错月:0/0,超闰:*/0,,错月:0/0,错月:0/0,,,建正:0,,建正:0,建正:0,,建正:0,建正:0,,建正:0,,,建正:0,,超闰:*/0,,,,,超闰:*/0,错月:0/0,,,,,,错月:0/0,建正:0,
1004,错月:0/0,,,,,建正:0,建正:0,,建正:0,,,,,,错月:0/0,,建正:0,建正:0,,建正:0,建正:0,,,,,建正:0,,,,,错月:0/0,建正:0,错月:0/0,建正:0,建正:0,,,建正:+1,,,,
1003,错月:0/0,,,,超闰:*/0,,建正:0,,建正:0,,,,超闰:*/0,,,,,,,,错月:0/0,建正:0,,建正:0,,,建正:0,,建正:0,超闰:*/0,错月:0/0,建正:0,错月:0/0,,建正:0,建正:0,建正:0,,,,,建正:0
1002,,错月:0/0,,建正:0,建正:0,,,,,错月:0/+1,,,错月:0/0,,,,,,建正:0,,,建正:0,,错月:0/0,建正:0,,建正:0,建正:0,建正:0,建正:0,建正:0,建正:0,,,建正:0,错月:0/0,错月:0/0,,,超闰:*/0,,建正:0
1001,,错月:0/0,建正:0,建正:0,建正:0,建正:0,,建正:0,,,建正:0,错月:0/0,错月:0/0,,,,建正:0,,建正:0,,,错月:0/0,错月:0/0,错月:0/0,错月:0/0,,,错月:0/0,错月:0/0,建正:0,,,,错月:0/0,,错月:0/0,错月:0/0,,,错月:0/0,建正:0,错月:0/0
1000,建正:0,,错月:0/0,,,错月:0/0,错月:0/0,建正:0,,,建正:0,建正:0,,,错月:0/0,,错月:0/0,错月:0/0,,错月:0/0,错月:0/0,,错月:0/0,,,建正:0,,失闰:0/*,,,,,,错月:0/0,,,,,,建正:0,错月:0/0,
999,建正:0,,,,,错月:0/0,错月:0/0,失闰:0/*,错月:0/0,,,,,,错月:0/0,,失闰:0/*,错月:0/0,,错月:0/0,错月:0/0,,失闰:0/*,,,错月:0/0,,,,,错月:0/0,建正:0,建正:0,建正:0,错月:0/0,,,失闰:+1/*,,,失闰:0/*,
998,建正:0,,,,,,错月:0/0,,错月:0/0,,,,,,,,,,,失闰:0/*,错月:0/0,错月:0/0,,超闰:*/0,,,错月:0/0,,,,建正:0,错月:0/0,建正:0,,错月:0/0,超闰:*/0,错月:0/0,,,,,超闰:*/0
997,,建正:0,,错月:0/0,错月:0/0,,,,失闰:0/*,错月:-1/0,,,建正:0,,,,,,错月:0/0,,,错月:0/0,,错月:0/0,错月:0/0,,错月:0/0,错月:0/0,错月:0/0,建正:0,失闰:0/*,错月:0/0,,,错月:0/0,错月:0/0,错月:0/0,,,,,错月:0/0
996,,建正:0,错月:0/0,错月:0/0,错月:0/0,错月:0/0,,错月:0/0,,,错月:0/0,建正:0,建正:0,失闰:+1/*,,,错月:0/0,,错月:0/0,,,错月:0/0,错月:0/0,建正:0,建正:0,,,错月:0/0,错月:0/0,错月:0/0,,,,建正:0,,建正:0,建正:0,,,建正:0,错月:0/0,错月:0/0
995,,建正:0,错月:0/0,建正:0,,错月:0/0,超闰:*/0,错月:0/0,,,错月:0/0,建正:0,,,建正:0,,错月:0/0,错月:0/0,失闰:0/*,错月:0/0,,,建正:0,,失闰:0/*,错月:0/0,,建正:0,失闰:0/*,建正:0,,,,建正:0,,,,,,错月:0/0,错月:0/0,
994,错月:0/0,,建正:0,,,建正:0,建正:0,错月:0/0,错月:0/0,,失闰:0/*,失闰:0/*,,,建正:0,,建正:0,建正:0,,建正:0,建正:0,,建正:0,,,建正:0,,,,,建正:0,超闰:*/0,错月:0/0,失闰:0/*,错月:0/0,,,建正:0,,,建正:0,
993,错月:0/0,,,,,,建正:0,,建正:0,,,,,,错月:0/0,失闰:+1/*,,超闰:*/0,,建正:0,建正:0,建正:0,,,,超闰:*/0,建正:0,,,,错月:0/0,建正:0,错月:0/0,,建正:0,,,,,,,
992,,建正:0,,错月:0/0,错月:0/0,,,,建正:0,,,,错月:0/0,,,,,,错月:0/0,,,建正:0,,建正:0,建正:0,,建正:0,建正:0,建正:0,错月:0/0,错月:0/0,建正:0,错月:0/0,,建正:0,建正:0,建正:0,,,,,建正:0
991,,错月:0/0,建正:0,建正:0,建正:0,,,建正:0,,,建正:0,错月:0/0,错月:0/0,建正:+1,,,建正:0,,建正:0,,,建正:0,建正:0,错月:0/0,建正:0,,建正:0,建正:0,建正:0,建正:0,,,,错月:0/0,,错月:0/0,错月:0/0,,建正:0,错月:0/0,建正:0,建正:0
990,,错月:0/0,建正:0,建正:0,超闰:*/0,建正:0,,建正:0,,,建正:0,错月:0/0,错月:0/0,,错月:0/0,,建正:0,建正:0,建正:0,建正:0,,,错月:0/0,失闰:0/*,失闰:0/*,建正:0,,错月:0/0,,超闰:*/0,,,,错月:0/0,,,,,,错月:0/0,建正:0,
989,建正:0,,错月:0/0,,,错月:0/0,错月:0/0,建正:0,建正:0,,建正:0,建正:0,,,错月:0/0,,错月:0/0,错月:0/0,,错月:0/0,错月:0/0,,错月:0/0,,,错月:0/0,,,,,错月:0/0,,建正:0,建正:0,建正:0,,,建正:-1,,超闰:*/0,错月:0/0,
988,建正:0,,,,,,错月:0/0,,错月:0/0,,,,,,错月:0/0,建正:+1,,失闰:0/*,,错月:0/0,错月:0/0,,,,,失闰:0/*,错月:0/0,,,,建正:0,错月:0/0,建正:0,,错月:0/0,,超闰:*/0,,,,,
987,失闰:0/*,错月:0/0,,建正:0,建正:0,,,,错月:0/0,,,,错月:0/0,,,,,,建正:0,,失闰:0/*,错月:0/0,,错月:0/0,错月:0/0,,错月:0/0,超闰:*/0,错月:0/0,建正:0,建正:0,错月:0/0,建正:0,,错月:0/0,错月:0/0,错月:0/0,,,,,错月:0/0
986,,建正:0,错月:0/0,错月:0/0,错月:0/0,,,建正:0,,,建正:0,建正:0,建正:0,错月:-1/0,,,超闰:*/0,,错月:0/0,,,错月:0/0,错月:0/0,建正:0,错月:0/0,,错月:0/0,错月:0/0,错月:0/0,错月:0/0,,失闰:0/*,,建正:0,,错月:0/0,错月:0/0,,错月:0/+1,建正:0,错月:0/0,错月:0/0
985,,建正:0,错月:0/0,失闰:0/*,失闰:0/*,错月:0/0,,错月:0/0,,,错月:0/0,建正:0,建正:0,,错月:0/0,,错月:0/0,错月:0/0,错月:0/0,错月:0/0,,,建正:0,建正:0,建正:0,错月:0/0,,建正:0,超闰:*/0,错月:0/0,,,,建正:0,,建正:0,,,,建正:0,错月:0/0,错月:0/0
984,建正:0,,错月:0/0,,,错月:0/0,错月:0/0,错月:0/0,错月:0/0,,错月:0/0,建正:0,,,建正:0,,错月:0/0,错月:0/0,,建正:0,建正:0,,建正:0,,,错月:0/0,,,,,建正:0,,建正:0,建正:0,,,,,,建正:0,错月:0/0,
983,错月:0/0,,,,,,建正:0,,错月:0/0,,,,,,建正:0,错月:-1/0,,建正:0,,建正:0,建正:0,,,,,建正:0,建正:0,,,,建正:0,错月:0/0,错月:0/0,,错月:0/0,,,,,,,
982,失闰:0/*,建正:0,,错月:0/0,错月:0/0,,,,建正:0,,,,建正:0,,,,,,错月:0/0,,建正:0,建正:0,,建正:0,建正:0,,建正:0,,建正:0,错月:0/0,错月:0/0,建正:0,错月:0/0,,建正:0,建正:0,建正:0,,,,,建正:0
981,,建正:0,错月:0/0,错月:0/0,错月:0/0,,,超闰:*/0,,,错月:0/0,错月:0/0,错月:0/0,建正:-1,,,,,建正:0,,,建正:0,建正:0,建正:0,建正:0,,建正:0,建正:0,建正:0,错月:0/0,,建正:0,,,,建正:0,建正:0,,建正:-1,错月:0/0,建正:0,建正:0
980,,错月:0/0,建正:0,建正:0,建正:0,建正:0,,建正:0,,,建正:0,错月:0/0,错月:0/0,,建正:0,,建正:0,建正:0,建正:0,,,,建正:0,错月:0/0,错月:0/0,建正:0,,建正:0,建正:0,建正:0,,,,错月:0/0,,失闰:0/*,建正:0,,,错月:0/0,建正:0,建正:0
979,错月:0/0,,建正:0,,,建正:0,建正:0,建正:0,建正:0,,建正:0,错月:0/0,,,错月:0/0,,建正:0,建正:0,,建正:0,建正:0,,错月:0/0,,,建正:0,,,,,超闰:*/0,,错月:0/0,错月:0/0,,,,,,错月:0/0,建正:0,
978,建正:0,,,,,失闰:0/*,错月:0/0,,建正:0,,,,,,错月:0/0,建正:-1,建正:0,错月:0/0,,错月:0/0,错月:0/0,,,,,错月:0/0,建正:0,,,,错月:0/0,建正:0,建正:0,,建正:0,,,,,,,
977,建正:0,超闰:*/0,,,建正:0,,失闰:0/*,,错月:0/0,,,,错月:0/0,,,,,,,,错月:0/0,错月:0/0,,错月:0/0,错月:0/0,,错月:0/0,,建正:0,建正:0,建正:0,错月:0/0,建正:0,,错月:0/0,错月:0/0,错月:0/0,,,,,建正:0
976,,错月:0/0,,建正:0,建正:0,,,,,失闰:0/*,,超闰:*/0,错月:0/0,,,,,,建正:0,,,错月:0/0,,错月:0/0,错月:0/0,,错月:0/0,错月:0/0,错月:0/0,建正:0,,错月:0/0,,,,错月:0/0,错月:0/0,,,超闰:*/0,,错月:0/0
975,,建正:0,错月:0/0,错月:0/0,错月:0/0,错月:0/0,,建正:0,,,建正:0,建正:0,建正:0,,,,错月:0/0,超闰:*/0,错月:0/0,超闰:*/0,,错月:0/0,错月:0/0,建正:0,错月:0/0,超闰:*/0,,错月:0/0,错月:0/0,错月:0/0,,,,建正:0,,错月:0/0,失闰:0/*,,,建正:0,错月:0/0,错月:0/0
974,建正:0,,错月:0/0,,,错月:0/0,错月:0/0,错月:0/0,超闰:*/0,,错月:0/0,建正:0,,,建正:0,,错月:0/0,错月:0/0,,错月:0/0,错月:0/0,,建正:0,,,错月:0/0,,错月:0/0,,,,,,建正:0,,,,,,建正:0,错月:0/0,
973,建正:0,,,,,错月:0/0,错月:0/0,失闰:0/*,错月:0/0,,,,,,建正:0,,超闰:*/0,建正:0,,建正:0,建正:0,,,,,错月:0/0,,,,,建正:0,错月:0/0,建正:0,超闰:*/0,错月:0/0,,,失闰:+1/*,,,,
972,错月:0/0,,,超闰:*/0,错月:0/0,,建正:0,,建正:0,,,,建正:0,,,,,,超闰:*/0,,建正:0,错月:0/0,,建正:0,超闰:*/0,,建正:0,,超闰:*/0,,建正:0,错月:0/0,错月:0/0,,错月:0/0,建正:0,建正:0,,,,,超闰:*/0
971,,建正:0,,错月:0/0,错月:0/0,,,,,建正:+1,,,建正:0,,,,,,错月:0/0,,,建正:0,,建正:0,建正:0,,建正:0,建正:0,建正:0,错月:0/0,,建正:0,,,建正:0,建正:0,建正:0,,,建正:0,,建正:0
970,,错月:0/0,建正:0,建正:0,建正:0,建正:0,,错月:0/0,,,错月:0/0,错月:0/0,错月:0/0,,,,建正:0,,建正:0,,,建正:0,建正:0,建正:0,建正:0,,失闰:0/*,建正:0,建正:0,错月:0/0,,,,建正:0,,建正:0,建正:0,,,错月:0/0,建正:0,建正:0
969,错月:0/0,失闰:0/*,建正:0,,,建正:0,建正:0,建正:0,,,建正:0,错月:0/0,,,建正:0,,建正:0,建正:0,,建正:0,,,建正:0,,,建正:0,,建正:0,,,,,,错月:0/0,,,,,,错月:0/0,建正:0,
968,错月:0/0,,,,,建正:0,建正:0,建正:0,建正:0,,,,,,错月:0/0,,建正:0,建正:0,,建正:0,建正:0,,,,,建正:0,,,,,错月:0/0,建正:0,错月:0/0,失闰:0/*,建正:0,,,建正:0,,,建正:0,
967,建正:0,,,,,,错月:0/0,,建正:0,,,,,,失闰:0/*,,,,,失闰:0/*,错月:0/0,建正:0,,超闰:*/0,,建正:0,建正:0,,,,错月:0/0,建正:0,建正:0,,建正:0,建正:0,建正:0,,,,,建正:0
966,,错月:0/0,,建正:0,建正:0,,,,,错月:-1/0,,,错月:0/0,,,,,,建正:0,,,错月:0/0,,错月:0/0,错月:0/0,,错月:0/0,建正:0,建正:0,建正:0,超闰:*/0,错月:0/0,,,错月:0/0,错月:0/0,错月:0/0,,,,,建正:0
965,,错月:0/0,建正:0,建正:0,建正:0,建正:0,,建正:0,,,建正:0,建正:0,建正:0,,,,建正:0,,建正:0,,,错月:0/0,错月:0/0,错月:0/0,错月:0/0,,建正:0,错月:0/0,错月:0/0,建正:0,,,,错月:0/0,,错月:0/0,错月:0/0,,失闰:+1/*,建正:0,建正:0,错月:0/0
964,,建正:0,错月:0/0,建正:0,,错月:0/0,错月:0/0,错月:0/0,,,错月:0/0,建正:0,,,错月:0/0,,错月:0/0,错月:0/0,失闰:0/*,错月:0/0,超闰:*/0,,错月:0/0,,建正:0,错月:0/0,,错月:0/0,,,,,,建正:0,,,,,,建正:0,错月:0/0,
963,建正:0,,失闰:0/*,,,错月:0/0,错月:0/0,错月:0/0,错月:0/0,,失闰:0/*,建正:0,,,建正:0,,错月:0/0,错月:0/0,,错月:0/0,错月:0/0,,建正:0,,,错月:0/0,,,,,建正:0,超闰:*/0,建正:0,建正:0,错月:0/0,,,错月:-1/+1,,失闰:0/*,错月:0/0,
962,错月:0/0,,,,,,建正:0,,错月:0/0,,,,,,建正:0,,,失闰:0/*,,建正:0,建正:0,超闰:*/0,,,,失闰:0/*,错月:0/0,,,,建正:0,错月:0/0,建正:0,,错月:0/0,,超闰:*/0,,,,,
961,,建正:0,,错月:0/0,错月:0/0,,,,建正:0,建正:-1,,,建正:0,,,,,,错月:0/0,,,错月:0/0,,建正:0,错月:0/0,,建正:0,错月:0/0,错月:0/0,错月:0/0,超闰:*/0,错月:0/0,错月:0/0,,建正:0,建正:0,建正:0,,,,,错月:0/0
960,,建正:0,错月:0/0,错月:0/0,错月:0/0,超闰:*/0,,错月:0/0,,,错月:0/0,建正:0,建正:0,建正:+1,,,错月:0/0,,错月:0/0,,,建正:0,建正:0,建正:0,建正:0,,建正:0,建正:0,建正:0,错月:0/0,,,,建正:0,,建正:0,建正:0,,错月:+1/+1,建正:0,错月:0/0,建正:0
959,,错月:0/0,建正:0,超闰:*/0,失闰:0/*,建正:0,,错月:0/0,,,错月:0/0,错月:0/0,失闰:0/*,,建正:0,,建正:0,建正:0,建正:0,建正:0,,,建正:0,,超闰:*/0,建正:0,,建正:0,超闰:*/0,失闰:0/*,,,,错月:0/0,,,,,,错月:0/0,建正:0,
958,错月:0/0,,建正:0,,,建正:0,建正:0,建正:0,建正:0,,建正:0,错月:0/0,,,建正:0,,建正:0,建正:0,,建正:0,建正:0,,建正:0,,,建正:0,,,,,错月:0/0,,错月:0/0,错月:0/0,建正:0,,,建正:-1,,建正:0,建正:0,
957,错月:0/0,,,,,,建正:0,,建正:0,,,,,,错月:0/0,错月:0/+1,,建正:0,,建正:0,建正:0,建正:0,,,,建正:0,建正:0,,,,错月:0/0,建正:0,错月:0/0,,建正:0,,,,,,,
956,失闰:0/*,错月:0/0,,建正:0,建正:0,,,,建正:0,,,,错月:0/0,,,,,,建正:0,,失闰:0/*,建正:0,,错月:0/0,建正:0,,建正:0,,建正:0,建正:0,错月:0/0,建正:0,建正:0,,建正:0,建正:0,建正:0,,,,,建正:0
955,,错月:0/0,建正:0,建正:0,建正:0,,,建正:0,,,建正:0,错月:0/0,错月:0/0,错月:0/+1,,,,,建正:0,,,错月:0/0,错月:0/0,错月:0/0,错月:0/0,,失闰:0/*,错月:0/0,错月:0/0,建正:0,,,,超闰:*/0,,错月:0/0,错月:0/0,,建正:-1,错月:0/0,建正:0,错月:0/0
954,,错月:0/0,建正:0,建正:0,建正:0,建正:0,,建正:0,,,建正:0,建正:0,建正:0,,错月:0/0,,建正:0,建正:0,建正:0,错月:0/0,,,错月:0/0,错月:0/0,错月:0/0,建正:0,,错月:0/0,建正:0,建正:0,,,,错月:0/0,,失闰:0/*,建正:0,,,建正:0,错月:0/0,失闰:0/*
953,建正:0,,错月:0/0,,,错月:0/0,错月:0/0,错月:0/0,错月:0/0,,错月:0/0,建正:0,,,错月:0/0,,错月:0/0,错月:0/0,,错月:0/0,错月:0/0,,错月:0/0,,,错月:0/0,,,,,错月:0/0,,建正:0,建正:0,,,,超闰:*/-1,,建正:0,错月:0/0,
952,建正:0,,,,,失闰:0/*,错月:0/0,,错月:0/0,,,,,,建正:0,建正:0,,错月:0/0,,错月:0/0,错月:0/0,,,,,错月:0/0,错月:0/0,,,,建正:0,错月:0/0,建正:0,,错月:0/0,,,,,,,
951,建正:0,建正:0,,错月:0/0,错月:0/0,,错月:0/0,,错月:0/0,,,,建正:0,,,,,,错月:0/0,,建正:0,错月:0/0,,错月:0/0,错月:0/0,,错月:0/0,,错月:0/0,建正:0,建正:0,错月:0/0,建正:0,,错月:0/0,错月:0/0,错月:0/0,,,,,错月:0/0
950,,建正:0,错月:0/0,错月:0/0,错月:0/0,,,超闰:*/0,,,错月:0/0,建正:0,建正:0,错月:-1/-1,,,,,错月:0/0,,,错月:0/0,超闰:*/0,建正:0,建正:0,,建正:0,错月:0/0,错月:0/0,错月:0/0,,错月:0/0,,,,建正:0,建正:0,,错月:-1/0,建正:0,超闰:*/0,错月:0/0
949,,建正:0,错月:0/0,错月:0/0,错月:0/0,错月:0/0,,错月:0/0,,,错月:0/0,建正:0,建正:0,,建正:0,,错月:0/0,错月:0/0,错月:0/0,错月:0/0,,,建正:0,建正:0,建正:0,错月:0/0,,建正:0,建正:0,错月:0/0,,,,建正:0,,建正:0,失闰:0/*,,,建正:0,错月:0/0,建正:0
948,错月:0/0,,建正:0,,,建正:0,建正:0,错月:0/0,错月:0/0,,错月:0/0,错月:0/0,,,建正:0,,建正:0,建正:0,,建正:0,建正:0,,建正:0,,,建正:0,,失闰:0/*,,,建正:0,,错月:0/0,错月:0/0,,,,,,失闰:0/*,建正:0,
947,错月:0/0,,,,,建正:0,建正:0,,建正:0,,,,,,建正:0,超闰:*/-1,失闰:0/*,建正:0,,建正:0,建正:0,,,,,建正:0,建正:0,,,,错月:0/0,建正:0,错月:0/0,建正:0,建正:0,,,,,,,
946,错月:0/0,,,超闰:*/0,错月:0/0,,建正:0,,建正:0,,,,建正:0,,,,,,错月:0/0,,错月:0/0,建正:0,,建正:0,建正:0,,建正:0,,建正:0,超闰:*/0,错月:0/0,建正:0,错月:0/0,,建正:0,建正:0,建正:0,,,,,建正:0
945,,错月:0/0,,建正:0,建正:0,,,,,建正:+1,超闰:*/0,超闰:*/0,错月:0/0,,,,,,建正:0,,,建正:0,,错月:0/0,建正:0,,建正:0,建正:0,建正:0,建正:0,,建正:0,,,建正:0,错月:0/0,错月:0/0,,,错月:0/0,,建正:0
944,,错月:0/0,建正:0,建正:0,建正:0,建正:0,,建正:0,,,建正:0,错月:0/0,错月:0/0,,超闰:*/0,,建正:0,,建正:0,,,失闰:0/*,错月:0/0,错月:0/0,错月:0/0,,,错月:0/0,错月:0/0,建正:0,,,,错月:0/0,,错月:0/0,错月:0/0,,,错月:0/0,建正:0,错月:0/0
943,错月:0/0,,建正:0,,,建正:0,建正:0,建正:0,,,建正:0,建正:0,,,错月:0/0,,错月:0/0,错月:0/0,,错月:0/0,错月:0/0,,错月:0/0,,,建正:0,,失闰:0/*,,,,,超闰:*/0,错月:0/0,,,,,,建正:0,错月:0/0,
942,建正:0,,,,,错月:0/0,错月:0/0,,错月:0/0,,,,,,错月:0/0,,失闰:0/*,错月:0/0,,错月:0/0,错月:0/0,,,,,错月:0/0,超闰:*/0,,,,错月:0/0,建正:0,建正:0,失闰:0/*,错月:0/0,,,失闰:+1/*,,,,
941,建正:0,,,,,,错月:0/0,,错月:0/0,,,,,,,,,,,失闰:0/*,错月:0/0,错月:0/0,,超闰:*/0,超闰:*/0,,错月:0/0,,错月:0/0,,建正:0,错月:0/0,建正:0,,错月:0/0,错月:0/0,错月:0/0,,,,,错月:0/0
940,,建正:0,,错月:0/0,错月:0/0,,,,,错月:-1/0,,,建正:0,,,,,,错月:0/0,,,错月:0/0,,错月:0/0,错月:0/0,,错月:0/0,错月:0/0,错月:0/0,建正:0,失闰:0/*,错月:0/0,,,失闰:0/*,错月:0/0,错月:0/0,,,,,错月:0/0
939,,建正:0,错月:0/0,错月:0/0,错月:0/0,错月:0/0,,错月:0/0,,,错月:0/0,建正:0,建正:0,,,,错月:0/0,,错月:0/0,,,错月:0/0,错月:0/0,建正:0,建正:0,,,错月:0/0,错月:0/0,错月:0/0,,,,建正:0,,建正:0,建正:0,,,建正:0,错月:0/0,错月:0/0
938,建正:0,,错月:0/0,建正:0,,错月:0/0,错月:0/0,错月:0/0,,,错月:0/0,建正:0,,,建正:0,,错月:0/0,错月:0/0,失闰:0/*,错月:0/0,超闰:*/0,,建正:0,,,错月:0/0,,建正:0,,,,,,建正:0,,,,,,建正:0,错月:0/0,
937,错月:0/0,,,,,建正:0,建正:0,错月:0/0,错月:0/0,,失闰:0/*,,,,建正:0,,建正:0,建正:0,,建正:0,建正:0,,建正:0,,,建正:0,,,,,建正:0,错月:0/0,错月:0/0,失闰:0/*,错月:0/0,,,错月:0/+1,,,建正:0,
936,错月:0/0,,,,超闰:*/0,,建正:0,,建正:0,,,,,,失闰:0/*,,,,,,建正:0,建正:0,,建正:0,,失闰:0/*,建正:0,,,,错月:0/0,建正:0,错月:0/0,,建正:0,建正:0,建正:0,,,,,
935,,建正:0,,错月:0/0,错月:0/0,,,,,建正:0,,,错月:0/0,,,,,,错月:0/0,,,建正:0,,建正:0,建正:0,,建正:0,建正:0,建正:0,错月:0/0,建正:0,建正:0,失闰:0/*,,建正:0,建正:0,建正:0,,,超闰:*/0,,建正:0
934,,错月:0/0,建正:0,建正:0,建正:0,建正:0,,建正:0,,,建正:0,错月:0/0,错月:0/0,建正:+1,,,建正:0,,建正:0,,,建正:0,建正:0,错月:0/0,建正:0,,建正:0,建正:0,建正:0,建正:0,,,,错月:0/0,,错月:0/0,错月:0/0,,,错月:0/0,建正:0,建正:0
933,,错月:0/0,建正:0,失闰:0/*,,建正:0,建正:0,建正:0,,,建正:0,错月:0/0,,,错月:0/0,,建正:0,建正:0,,建正:0,,,错月:0/0,,,建正:0,,错月:0/0,,错月:0/0,,,,错月:0/0,,,,,,错月:0/0,建正:0,
932,建正:0,,错月:0/0,,,错月:0/0,错月:0/0,建正:0,建正:0,,建正:0,,,,错月:0/0,,错月:0/0,错月:0/0,,错月:0/0,错月:0/0,,失闰:0/*,,,错月:0/0,,,,,错月:0/0,,错月:0/0,错月:0/0,建正:0,,,建正:-1,,,错月:0/0,
931,建正:0,,,,,,错月:0/0,,错月:0/0,,,,,,错月:0/0,建正:+1,,建正:0,,错月:0/0,错月:0/0,建正:0,,,,失闰:0/*,错月:0/0,,,,错月:0/0,建正:0,建正:0,,错月:0/0,超闰:*/0,超闰:*/0,,,,,
930,,错月:0/0,,建正:0,建正:0,,,,失闰:0/*,超闰:*/-1,,,错月:0/0,,,,,,建正:0,,失闰:0/*,错月:0/0,,错月:0/0,错月:0/0,,错月:0/0,错月:0/0,错月:0/0,建正:0,建正:0,错月:0/0,建正:0,,错月:0/0,错月:0/0,错月:0/0,,,,,错月:0/0
929,,建正:0,错月:0/0,错月:0/0,错月:0/0,超闰:*/0,,建正:0,,,建正:0,建正:0,建正:0,失闰:+1/*,,,超闰:*/0,,错月:0/0,,,错月:0/0,错月:0/0,建正:0,错月:0/0,,失闰:0/*,错月:0/0,错月:0/0,建正:0,,,,建正:0,,错月:0/0,错月:0/0,,错月:0/+1,建正:0,错月:0/0,错月:0/0
928,,建正:0,错月:0/0,失闰:0/*,建正:0,错月:0/0,,错月:0/0,,,错月:0/0,建正:0,建正:0,,错月:0/0,,错月:0/0,错月:0/0,错月:0/0,错月:0/0,,,建正:0,,超闰:*/0,错月:0/0,,错月:0/0,建正:0,建正:0,,,,建正:0,,,,,,建正:0,错月:0/0,
927,建正:0,,错月:0/0,,,错月:0/0,错月:0/0,错月:0/0,错月:0/0,,错月:0/0,建正:0,,,建正:0,,错月:0/0,错月:0/0,,建正:0,建正:0,,建正:0,,,错月:0/0,,,,,建正:0,,建正:0,建正:0,错月:0/0,,,超闰:*/-1,,建正:0,错月:0/0,
926,错月:0/0,,,,,,建正:0,,错月:0/0,,,,,,建正:0,失闰:+1/*,,超闰:*/0,,建正:0,建正:0,,,,,建正:0,错月:0/0,,,,建正:0,错月:0/0,错月:0/0,,错月:0/0,,,,,,,
925,,建正:0,,错月:0/0,错月:0/0,,失闰:0/*,,建正:0,,,,建正:0,,,,,,错月:0/0,,,建正:0,,建正:0,建正:0,,建正:0,建正:0,建正:0,错月:0/0,错月:0/0,建正:0,错月:0/0,,建正:0,建正:0,建正:0,,,,,建正:0
924,,建正:0,错月:0/0,错月:0/0,错月:0/0,,,超闰:*/0,,,错月:0/0,错月:0/0,错月:0/0,建正:0,,,,,建正:0,,,建正:0,建正:0,建正:0,建正:0,,建正:0,建正:0,建正:0,错月:0/0,,建正:0,,,,建正:0,建正:0,,建正:0,错月:0/0,建正:0,建正:0
923,,错月:0/0,建正:0,建正:0,超闰:*/0,建正:0,,建正:0,,,建正:0,错月:0/0,错月:0/0,,建正:0,,建正:0,建正:0,建正:0,建正:0,,,建正:0,失闰:0/*,建正:0,建正:0,,建正:0,建正:0,建正:0,,,,错月:0/0,,失闰:0/*,,,,错月:0/0,建正:0,建正:0
922,错月:0/0,,建正:0,,,建正:0,建正:0,建正:0,建正:0,,建正:0,错月:0/0,,,错月:0/0,,建正:0,建正:0,,建正:0,建正:0,,错月:0/0,,,建正:0,,,,,错月:0/0,,错月:0/0,错月:0/0,,,,,,失闰:0/*,建正:0,
921,建正:0,,,,,,错月:0/0,,建正:0,,,,,,错月:0/0,建正:-1,,错月:0/0,,错月:0/0,错月:0/0,,,,,错月:0/0,建正:0,,,,错月:0/0,建正:0,建正:0,,建正:0,,,,,,,
920,超闰:*/0,超闰:*/0,,建正:0,建正:0,,建正:0,,错月:0/0,,,,错月:0/0,,,,,,建正:0,,错月:0/0,建正:0,,错月:0/0,错月:0/0,,错月:0/0,,建正:0,建正:0,建正:0,错月:0/0,建正:0,,错月:0/0,错月:0/0,错月:0/0,,,,,建正:0
919,,错月:0/0,建正:0,建正:0,建正:0,,,建正:0,,,建正:0,错月:0/0,错月:0/0,超闰:*/0,,,,,建正:0,,,错月:0/0,错月:0/0,错月:0/0,错月:0/0,,错月:0/0,错月:0/0,错月:0/0,建正:0,,失闰:0/*,,,,错月:0/0,错月:0/0,,,错月:0/0,,错月:0/0
918,,建正:0,错月:0/0,错月:0/0,错月:0/0,错月:0/0,,建正:0,,,建正:0,建正:0,建正:0,,错月:0/0,,错月:0/0,错月:0/0,错月:0/0,超闰:*/0,,,错月:0/0,建正:0,错月:0/0,错月:0/0,,错月:0/0,错月:0/0,错月:0/0,,,,建正:0,,错月:0/0,失闰:0/*,,,建正:0,错月:0/0,错月:0/0
917,建正:0,,错月:0/0,,,错月:0/0,错月:0/0,错月:0/0,错月:0/0,,错月:0/0,建正:0,,,建正:0,,错月:0/0,错月:0/0,,错月:0/0,错月:0/0,,建正:0,,,错月:0/0,,失闰:0/*,,,,,建正:0,建正:0,,,,,,建正:0,错月:0/0,
916,建正:0,,,,,错月:0/0,错月:0/0,,错月:0/0,,,,,,建正:0,建正:-1,建正:0,错月:0/0,,建正:0,建正:0,,,,,错月:0/0,错月:0/0,,,,建正:0,错月:0/0,建正:0,失闰:0/*,错月:0/0,,,失闰:+1/*,,,,
915,失闰:0/*,,,超闰:*/0,错月:0/0,,超闰:*/0,,建正:0,,,,建正:0,,,,,,超闰:*/0,,建正:0,错月:0/0,,建正:0,超闰:*/0,,建正:0,,错月:0/0,错月:0/0,建正:0,错月:0/0,错月:0/0,,错月:0/0,建正:0,建正:0,,,,,错月:0/0
914,,建正:0,超闰:*/0,错月:0/0,错月:0/0,,,,,建正:+1,超闰:*/0,建正:0,建正:0,,,,,,错月:0/0,,,建正:0,,建正:0,建正:0,,建正:0,建正:0,建正:0,错月:0/0,,建正:0,,,,建正:0,建正:0,,,建正:0,,建正:0
913,,错月:0/0,建正:0,建正:0,建正:0,建正:0,,错月:0/0,,,错月:0/0,错月:0/0,错月:0/0,,,,建正:0,建正:0,建正:0,,,建正:0,建正:0,建正:0,建正:0,建正:0,,建正:0,建正:0,错月:0/0,,,,建正:0,,建正:0,建正:0,,,错月:0/0,建正:0,建正:0
912,错月:0/0,,建正:0,,,建正:0,建正:0,建正:0,,,建正:0,错月:0/0,,,建正:0,,建正:0,建正:0,,建正:0,建正:0,,建正:0,,,建正:0,,超闰:*/0,,,,,超闰:*/0,错月:0/0,,,,,,错月:0/0,建正:0,
911,错月:0/0,,,,,建正:0,建正:0,,建正:0,,,,,,错月:0/0,,超闰:*/0,建正:0,,建正:0,建正:0,,,,,建正:0,,,,,错月:0/0,建正:0,错月:0/0,失闰:0/*,建正:0,,,,,,,
910,建正:0,,,,建正:0,,错月:0/0,,建正:0,,,,超闰:*/0,,,,,,,,错月:0/0,建正:0,,错月:0/0,,,建正:0,,,,错月:0/0,建正:0,建正:0,,建正:0,建正:0,建正:0,,,,,建正:0
909,,错月:0/0,,建正:0,建正:0,,,,,错月:0/+1,,,错月:0/0,,,,,,建正:0,,,错月:0/0,,错月:0/0,错月:0/0,,错月:0/0,建正:0,建正:0,建正:0,,错月:0/0,,,错月:0/0,错月:0/0,错月:0/0,,,超闰:*/0,,建正:0
908,,错月:0/0,建正:0,建正:0,建正:0,建正:0,,建正:0,,,建正:0,错月:0/0,错月:0/0,,,,建正:0,,建正:0,,,错月:0/0,错月:0/0,错月:0/0,错月:0/0,,,错月:0/0,错月:0/0,建正:0,,,,错月:0/0,,错月:0/0,错月:0/0,,,建正:0,建正:0,错月:0/0
907,建正:0,建正:0,错月:0/0,,,错月:0/0,错月:0/0,建正:0,,,建正:0,建正:0,,,错月:0/0,,错月:0/0,错月:0/0,,错月:0/0,超闰:*/0,,错月:0/0,,,错月:0/0,,错月:0/0,,,,,,建正:0,,,,,,建正:0,错月:0/0,
906,建正:0,,失闰:0/*,,,错月:0/0,错月:0/0,失闰:0/*,错月:0/0,,,,,,建正:0,,错月:0/0,错月:0/0,,错月:0/0,错月:0/0,,,,,错月:0/0,,,,,建正:0,错月:0/0,建正:0,超闰:*/0,错月:0/0,,,错月:0/+1,,,失闰:0/*,
905,建正:0,,,,,,错月:0/0,,错月:0/0,,,,,,,,,失闰:0/*,,建正:0,建正:0,错月:0/0,,,,建正:0,错月:0/0,,超闰:*/0,,建正:0,错月:0/0,建正:0,,错月:0/0,超闰:*/0,错月:0/0,,,,,超闰:*/0
904,,建正:0,,错月:0/0,错月:0/0,,,,,建正:-1,,,建正:0,,,,,,错月:0/0,,,错月:0/0,,建正:0,错月:0/0,,建正:0,错月:0/0,错月:0/0,错月:0/0,超闰:*/0,错月:0/0,,,建正:0,建正:0,建正:0,,,,,错月:0/0
903,,建正:0,错月:0/0,错月:0/0,错月:0/0,超闰:*/0,,错月:0/0,,,错月:0/0,建正:0,建正:0,,,,错月:0/0,,错月:0/0,,,建正:0,建正:0,建正:0,建正:0,,失闰:0/*,建正:0,建正:0,错月:0/0,,,,建正:0,,建正:0,建正:0,,失闰:+1/*,建正:0,错月:0/0,建正:0
902,超闰:*/0,失闰:0/*,建正:0,超闰:*/0,失闰:0/*,建正:0,建正:0,错月:0/0,,,错月:0/0,错月:0/0,失闰:0/*,,建正:0,,建正:0,建正:0,建正:0,建正:0,,,建正:0,,错月:0/0,建正:0,,建正:0,,建正:0,,,,错月:0/0,,,,,,错月:0/0,建正:0,
901,错月:0/0,,建正:0,,,建正:0,建正:0,建正:0,建正:0,,建正:0,错月:0/0,,,建正:0,,建正:0,建正:0,,建正:0,建正:0,,建正:0,,,建正:0,,,,,错月:0/0,,错月:0/0,错月:0/0,建正:0,,,建正:0,,建正:0,建正:0,
900,错月:0/0,,,,,,建正:0,,建正:0,,,,,,错月:0/0,失闰:+1/*,,超闰:*/0,,建正:0,建正:0,建正:0,,,,超闰:*/0,建正:0,,,,错月:0/0,建正:0,错月:0/0,,建正:0,,建正:0,,,,,
899,,错月:0/0,,建正:0,建正:0,,,,建正:0,,,,错月:0/0,,,,,,建正:0,,,建正:0,,错月:0/0,建正:0,,建正:0,建正:0,建正:0,建正:0,失闰:0/*,建正:0,建正:0,,建正:0,建正:0,建正:0,,,,,建正:0
898,,错月:0/0,建正:0,建正:0,建正:0,,,建正:0,,,建正:0,错月:0/0,错月:0/0,错月:0/+1,,,建正:0,,建正:0,,,错月:0/0,错月:0/0,错月:0/0,错月:0/0,,失闰:0/*,错月:0/0,错月:0/0,建正:0,,,,错月:0/0,,错月:0/0,错月:0/0,,建正:+1,错月:0/0,建正:0,错月:0/0
897,,错月:0/0,建正:0,超闰:*/0,,建正:0,,建正:0,,,建正:0,建正:0,,,错月:0/0,,建正:0,建正:0,建正:0,错月:0/0,,,错月:0/0,,失闰:0/*,建正:0,,错月:0/0,建正:0,建正:0,,,,错月:0/0,,,,,,建正:0,错月:0/0,失闰:0/*
896,建正:0,,错月:0/0,,,错月:0/0,错月:0/0,错月:0/0,错月:0/0,,错月:0/0,建正:0,,,错月:0/0,,错月:0/0,错月:0/0,,错月:0/0,错月:0/0,,错月:0/0,,,错月:0/0,,,,,错月:0/0,,建正:0,建正:0,,,,超闰:*/-1,,失闰:0/*,错月:0/0,
895,建正:0,,,,,,错月:0/0,,错月:0/0,,,,,,建正:0,建正:0,,错月:0/0,,错月:0/0,错月:0/0,超闰:*/0,,,,错月:0/0,错月:0/0,,,,建正:0,错月:0/0,建正:0,,错月:0/0,,,,,,,
894,建正:0,建正:0,,错月:0/0,错月:0/0,,,,错月:0/0,,,,建正:0,,,,,,错月:0/0,,建正:0,错月:0/0,,错月:0/0,错月:0/0,,错月:0/0,超闰:*/0,错月:0/0,建正:0,建正:0,错月:0/0,建正:0,,错月:0/0,错月:0/0,错月:0/0,,,,,错月:0/0
893,,建正:0,错月:0/0,错月:0/0,错月:0/0,,,错月:0/0,,,错月:0/0,建正:0,建正:0,错月:-1/0,,,,,错月:0/0,,,错月:0/0,错月:0/0,建正:0,建正:0,,建正:0,错月:0/0,错月:0/0,错月:0/0,,失闰:0/*,,建正:0,,建正:0,建正:0,,错月:-1/0,建正:0,错月:0/0,错月:0/0
892,,建正:0,错月:0/0,错月:0/0,失闰:0/*,错月:0/0,,错月:0/0,,,错月:0/0,建正:0,建正:0,,建正:0,,错月:0/0,错月:0/0,错月:0/0,错月:0/0,,,建正:0,建正:0,建正:0,错月:0/0,,建正:0,超闰:*/0,失闰:0/*,,,,建正:0,,,失闰:0/*,,,建正:0,错月:0/0,建正:0
891,错月:0/0,,建正:0,,,建正:0,建正:0,错月:0/0,错月:0/0,,错月:0/0,错月:0/0,,,建正:0,,建正:0,建正:0,,建正:0,建正:0,,建正:0,,,建正:0,,,,,建正:0,,错月:0/0,错月:0/0,超闰:*/0,,,,,失闰:0/*,建正:0,
890,错月:0/0,,,,,,建正:0,,建正:0,,,,,,建正:0,错月:-1/0,失闰:0/*,建正:0,,建正:0,建正:0,,,,,建正:0,建正:0,,,,错月:0/0,建正:0,错月:0/0,,建正:0,,,,,,,
889,失闰:0/*,建正:0,,超闰:*/0,错月:0/0,,错月:0/0,,建正:0,,,,建正:0,,,,,,错月:0/0,,失闰:0/*,建正:0,,建正:0,建正:0,,建正:0,,建正:0,错月:0/0,错月:0/0,建正:0,错月:0/0,,建正:0,建正:0,建正:0,,,,,建正:0
888,,错月:0/0,建正:0,建正:0,建正:0,,,,,,超闰:*/0,错月:0/0,错月:0/0,建正:-1,,,,,建正:0,,,建正:0,,错月:0/0,建正:0,,建正:0,建正:0,建正:0,建正:0,,建正:0,,,,错月:0/0,错月:0/0,,建正:-1,错月:0/0,建正:0,建正:0
887,,错月:0/0,建正:0,建正:0,建正:0,建正:0,,建正:0,,,建正:0,错月:0/0,错月:0/0,,超闰:*/0,,建正:0,建正:0,建正:0,建正:0,,失闰:0/*,错月:0/0,错月:0/0,错月:0/0,建正:0,,错月:0/0,错月:0/0,建正:0,,,,错月:0/0,,错月:0/0,建正:0,,,错月:0/0,建正:0,错月:0/0
886,错月:0/0,,建正:0,,,建正:0,建正:0,建正:0,建正:0,,建正:0,建正:0,,,错月:0/0,,错月:0/0,错月:0/0,,错月:0/0,错月:0/0,,错月:0/0,,,建正:0,,建正:0,,,超闰:*/0,,错月:0/0,错月:0/0,,,,,,建正:0,错月:0/0,
885,建正:0,,,,,失闰:0/*,错月:0/0,,错月:0/0,,,,,,错月:0/0,建正:-1,,错月:0/0,,错月:0/0,错月:0/0,,,,,错月:0/0,超闰:*/0,,,,错月:0/0,建正:0,建正:0,失闰:0/*,错月:0/0,,,,,,,
884,建正:0,,,建正:0,建正:0,,失闰:0/*,,错月:0/0,,,,错月:0/0,,,,,,建正:0,,错月:0/0,错月:0/0,,错月:0/0,错月:0/0,,错月:0/0,,错月:0/0,建正:0,建正:0,错月:0/0,建正:0,,错月:0/0,错月:0/0,错月:0/0,,,,,错月:0/0
883,,建正:0,超闰:*/0,错月:0/0,错月:0/0,,,,,失闰:+1/*,建正:0,建正:0,建正:0,,,,,,错月:0/0,,,错月:0/0,超闰:*/0,错月:0/0,错月:0/0,,错月:0/0,错月:0/0,错月:0/0,建正:0,,错月:0/0,,,失闰:0/*,错月:0/0,错月:0/0,,,建正:0,,错月:0/0
882,,建正:0,错月:0/0,错月:0/0,错月:0/0,错月:0/0,,错月:0/0,,,错月:0/0,建正:0,建正:0,,超闰:*/0,,错月:0/0,超闰:*/0,错月:0/0,,,错月:0/0,错月:0/0,建正:0,建正:0,,,错月:0/0,错月:0/0,错月:0/0,,,,建正:0,,建正:0,建正:0,,,建正:0,错月:0/0,错月:0/0
881,建正:0,,错月:0/0,,,错月:0/0,错月:0/0,错月:0/0,超闰:*/0,,错月:0/0,建正:0,,,建正:0,,错月:0/0,错月:0/0,,错月:0/0,超闰:*/0,,建正:0,,,错月:0/0,,超闰:*/0,,,,,,建正:0,,,,,,建正:0,错月:0/0,
880,错月:0/0,,,,,建正:0,建正:0,,错月:0/0,,,,,,建正:0,,建正:0,建正:0,,建正:0,建正:0,,,,,建正:0,,,,,建正:0,错月:0/0,错月:0/0,建正:0,错月:0/0,,,错月:0/+1,,,,
879,错月:0/0,,,,超闰:*/0,,建正:0,,建正:0,,,,,,,,,,,,建正:0,建正:0,,建正:0,,,建正:0,,建正:0,超闰:*/0,错月:0/0,建正:0,错月:0/0,,建正:0,建正:0,建正:0,,,,,建正:0
878,,建正:0,,错月:0/0,错月:0/0,,,,,建正:0,,,错月:0/0,,,,,,错月:0/0,,,建正:0,,建正:0,建正:0,,建正:0,建正:0,建正:0,错月:0/0,建正:0,建正:0,,,建正:0,建正:0,建正:0,,,超闰:*/0,,建正:0
877,,错月:0/0,建正:0,建正:0,建正:0,建正:0,,建正:0,,,建正:0,错月:0/0,错月:0/0,,,,建正:0,,建正:0,,,建正:0,建正:0,错月:0/0,建正:0,,,建正:0,建正:0,建正:0,,,,错月:0/0,,错月:0/0,错月:0/0,,,错月:0/0,建正:0,建正:0
876,错月:0/0,失闰:0/*,建正:0,失闰:0/*,,建正:0,建正:0,建正:0,,,建正:0,错月:0/0,,,错月:0/0,,建正:0,建正:0,,建正:0,建正:0,,错月:0/0,,,建正:0,,失闰:0/*,,,,,,错月:0/0,,,,,,错月:0/0,建正:0,
875,建正:0,,,,,错月:0/0,错月:0/0,建正:0,建正:0,,,,,,错月:0/0,,失闰:0/*,错月:0/0,,错月:0/0,错月:0/0,,失闰:0/*,,,错月:0/0,,,,,错月:0/0,建正:0,错月:0/0,错月:0/0,建正:0,,,建正:+1,,,失闰:0/*,
874,建正:0,,,,,,错月:0/0,,错月:0/0,,,,,,失闰:0/*,,,,,失闰:0/*,错月:0/0,建正:0,,超闰:*/0,,,错月:0/0,,,,错月:0/0,建正:0,建正:0,,错月:0/0,超闰:*/0,错月:0/0,,,,,
873,,错月:0/0,,建正:0,建正:0,,,,失闰:0/*,错月:-1/0,,,错月:0/0,,,,,,建正:0,,,错月:0/0,,错月:0/0,错月:0/0,,错月:0/0,错月:0/0,错月:0/0,建正:0,失闰:0/*,错月:0/0,,,错月:0/0,错月:0/0,错月:0/0,,,,,错月:0/0
872,,建正:0,错月:0/0,错月:0/0,错月:0/0,错月:0/0,,建正:0,,,建正:0,建正:0,建正:0,失闰:+1/*,,,错月:0/0,,错月:0/0,,,错月:0/0,错月:0/0,建正:0,错月:0/0,,失闰:0/*,错月:0/0,错月:0/0,建正:0,,,,建正:0,,错月:0/0,错月:0/0,,,建正:0,错月:0/0,错月:0/0
871,,建正:0,错月:0/0,建正:0,,错月:0/0,超闰:*/0,错月:0/0,,,错月:0/0,建正:0,,,错月:0/0,,错月:0/0,错月:0/0,失闰:0/*,错月:0/0,,,建正:0,,失闰:0/*,错月:0/0,,错月:0/0,建正:0,建正:0,,,,建正:0,,,,,,建正:0,错月:0/0,
870,建正:0,,错月:0/0,,,错月:0/0,错月:0/0,错月:0/0,错月:0/0,,失闰:0/*,建正:0,,,建正:0,,错月:0/0,错月:0/0,,建正:0,建正:0,,建正:0,,,错月:0/0,,,,,建正:0,超闰:*/0,建正:0,建正:0,错月:0/0,,,错月:-1/0,,,错月:0/0,
869,错月:0/0,,,,,,建正:0,,错月:0/0,,,,,,建正:0,失闰:+1/*,,超闰:*/0,,建正:0,建正:0,错月:0/0,,,,超闰:*/0,错月:0/0,,,,建正:0,错月:0/0,错月:0/0,,错月:0/0,,,,,,,
868,,建正:0,,错月:0/0,错月:0/0,,,,建正:0,,,,建正:0,,,,,,错月:0/0,,,建正:0,,建正:0,建正:0,,建正:0,建正:0,建正:0,错月:0/0,错月:0/0,建正:0,失闰:0/*,,建正:0,建正:0,建正:0,,,,,建正:0
867,,建正:0,错月:0/0,错月:0/0,错月:0/0,,,错月:0/0,,,错月:0/0,错月:0/0,错月:0/0,建正:+1,,,建正:0,,建正:0,,,建正:0,建正:0,建正:0,建正:0,,超闰:*/0,建正:0,建正:0,错月:0/0,,,,建正:0,,建正:0,建正:0,,建正:+1,错月:0/0,建正:0,建正:0
866,,错月:0/0,建正:0,建正:0,超闰:*/0,建正:0,,建正:0,,,建正:0,错月:0/0,错月:0/0,,建正:0,,建正:0,建正:0,建正:0,建正:0,,,建正:0,失闰:0/*,建正:0,建正:0,,建正:0,失闰:0/*,超闰:*/0,,,,错月:0/0,,,,,,错月:0/0,建正:0,
865,错月:0/0,,建正:0,,,建正:0,建正:0,建正:0,建正:0,,建正:0,错月:0/0,,,错月:0/0,,建正:0,建正:0,,建正:0,建正:0,,错月:0/0,,,建正:0,,,,,错月:0/0,,错月:0/0,错月:0/0,建正:0,,,建正:-1,,失闰:0/*,建正:0,
864,建正:0,,,,,,错月:0/0,,建正:0,,,,,,错月:0/0,建正:+1,,失闰:0/*,,错月:0/0,错月:0/0,,,,,失闰:0/*,建正:0,,,,错月:0/0,建正:0,建正:0,,建正:0,,,,,,,
863,失闰:0/*,错月:0/0,,建正:0,建正:0,,,,错月:0/0,,,,错月:0/0,,,,,,建正:0,,失闰:0/*,建正:0,,错月:0/0,错月:0/0,,错月:0/0,,建正:0,建正:0,建正:0,错月:0/0,建正:0,,错月:0/0,错月:0/0,错月:0/0,,,,,建正:0
862,,错月:0/0,建正:0,建正:0,建正:0,,,建正:0,,,建正:0,错月:0/0,错月:0/0,错月:-1/0,,,,,建正:0,,,错月:0/0,错月:0/0,错月:0/0,错月:0/0,,错月:0/0,错月:0/0,错月:0/0,建正:0,,失闰:0/*,,超闰:*/0,,错月:0/0,错月:0/0,,建正:0,错月:0/0,建正:0,错月:0/0
861,,建正:0,错月:0/0,失闰:0/*,失闰:0/*,错月:0/0,,建正:0,,,建正:0,建正:0,建正:0,,错月:0/0,,错月:0/0,错月:0/0,错月:0/0,错月:0/0,,,错月:0/0,建正:0,错月:0/0,错月:0/0,,错月:0/0,失闰:0/*,错月:0/0,,,,建正:0,,错月:0/0,,,,建正:0,错月:0/0,错月:0/0
860,建正:0,,错月:0/0,,,错月:0/0,错月:0/0,错月:0/0,错月:0/0,,错月:0/0,建正:0,,,建正:0,,错月:0/0,错月:0/0,,错月:0/0,错月:0/0,,建正:0,,,错月:0/0,,,,,建正:0,,建正:0,建正:0,,,,,,超闰:*/0,错月:0/0,
859,建正:0,,,,,失闰:0/*,错月:0/0,,错月:0/0,,,,,,建正:0,建正:-1,,错月:0/0,,建正:0,建正:0,,,,,错月:0/0,错月:0/0,,,,建正:0,错月:0/0,建正:0,,错月:0/0,,,,,,,
858,失闰:0/*,建正:0,,错月:0/0,错月:0/0,,,,建正:0,,,,建正:0,,,,,,错月:0/0,,建正:0,错月:0/0,,建正:0,错月:0/0,,建正:0,,错月:0/0,错月:0/0,建正:0,错月:0/0,错月:0/0,,错月:0/0,建正:0,建正:0,,,,,错月:0/0
857,,建正:0,错月:0/0,错月:0/0,错月:0/0,,,超闰:*/0,,,错月:0/0,建正:0,建正:0,建正:-1,,,,,错月:0/0,,,建正:0,建正:0,建正:0,建正:0,,建正:0,建正:0,建正:0,错月:0/0,,建正:0,,,,建正:0,建正:0,,超闰:*/-1,建正:0,超闰:*/0,建正:0
856,,错月:0/0,建正:0,建正:0,建正:0,建正:0,,错月:0/0,,,错月:0/0,错月:0/0,错月:0/0,,建正:0,,建正:0,建正:0,建正:0,,,,建正:0,建正:0,建正:0,建正:0,,建正:0,建正:0,错月:0/0,,,,建正:0,,建正:0,超闰:*/0,,,错月:0/0,建正:0,建正:0
855,错月:0/0,,建正:0,,,建正:0,建正:0,建正:0,建正:0,,建正:0,错月:0/0,,,建正:0,,建正:0,建正:0,,建正:0,建正:0,,建正:0,,,建正:0,,,,,,,错月:0/0,错月:0/0,,,,,,错月:0/0,建正:0,
854,错月:0/0,,,,,建正:0,建正:0,,建正:0,,,,,,错月:0/0,超闰:*/-1,超闰:*/0,建正:0,,建正:0,建正:0,,,,,建正:0,建正:0,,,,错月:0/0,建正:0,错月:0/0,,建正:0,,,,,,,
853,建正:0,超闰:*/0,,,建正:0,,失闰:0/*,,建正:0,,,,错月:0/0,,,,,,,,错月:0/0,建正:0,,错月:0/0,建正:0,,建正:0,,建正:0,超闰:*/0,错月:0/0,建正:0,建正:0,,建正:0,建正:0,建正:0,,,,,建正:0
852,,错月:0/0,,建正:0,建正:0,,,,,失闰:0/*,,超闰:*/0,错月:0/0,,,,,,建正:0,,,错月:0/0,,错月:0/0,错月:0/0,,错月:0/0,建正:0,建正:0,建正:0,,错月:0/0,,,,错月:0/0,错月:0/0,,,超闰:*/0,,建正:0
851,,错月:0/0,建正:0,建正:0,建正:0,建正:0,,建正:0,,,建正:0,错月:0/0,错月:0/0,,,,建正:0,,建正:0,超闰:*/0,,错月:0/0,错月:0/0,错月:0/0,错月:0/0,,,错月:0/0,错月:0/0,建正:0,,,,错月:0/0,,错月:0/0,失闰:0/*,,,建正:0,建正:0,错月:0/0
850,建正:0,,错月:0/0,,,错月:0/0,错月:0/0,建正:0,,,建正:0,建正:0,,,错月:0/0,,错月:0/0,错月:0/0,,错月:0/0,错月:0/0,,错月:0/0,,,错月:0/0,,建正:0,,,,,,建正:0,,,,,,建正:0,错月:0/0,
849,建正:0,,,,,错月:0/0,错月:0/0,失闰:0/*,错月:0/0,,,,,,建正:0,,失闰:0/*,错月:0/0,,错月:0/0,错月:0/0,,,,,错月:0/0,,,,,建正:0,错月:0/0,建正:0,超闰:*/0,错月:0/0,,,失闰:+1/*,,,,
848,建正:0,,,,建正:0,,错月:0/0,,错月:0/0,,,,建正:0,,,,,,超闰:*/0,,建正:0,错月:0/0,,错月:0/0,超闰:*/0,,错月:0/0,,超闰:*/0,,建正:0,错月:0/0,建正:0,,错月:0/0,错月:0/0,错月:0/0,,,,,超闰:*/0
847,,建正:0,,错月:0/0,错月:0/0,,,,,建正:+1,,,建正:0,,,,,,错月:0/0,,,错月:0/0,,建正:0,错月:0/0,,建正:0,错月:0/0,错月:0/0,错月:0/0,,错月:0/0,,,建正:0,建正:0,建正:0,,,建正:0,,错月:0/0
846,,建正:0,错月:0/0,错月:0/0,错月:0/0,错月:0/0,,错月:0/0,,,错月:0/0,建正:0,建正:0,,,,错月:0/0,,错月:0/0,,,建正:0,建正:0,建正:0,建正:0,,失闰:0/*,建正:0,建正:0,错月:0/0,,,,建正:0,,建正:0,建正:0,,,建正:0,错月:0/0,建正:0
845,错月:0/0,失闰:0/*,建正:0,,,建正:0,建正:0,错月:0/0,,,错月:0/0,错月:0/0,,,建正:0,,建正:0,建正:0,,建正:0,,,建正:0,,,建正:0,,建正:0,,,,,,错月:0/0,,,,,,错月:0/0,建正:0,
844,错月:0/0,,,,,建正:0,建正:0,建正:0,建正:0,,,,,,建正:0,,建正:0,建正:0,,建正:0,建正:0,,,,,建正:0,,,,,错月:0/0,建正:0,错月:0/0,失闰:0/*,建正:0,,,建正:0,,,建正:0,
843,错月:0/0,,,,,,建正:0,,建正:0,,,,,,,,,失闰:0/*,,建正:0,建正:0,建正:0,,,,错月:0/0,建正:0,,,,错月:0/0,建正:0,错月:0/0,,建正:0,建正:0,建正:0,,,,,建正:0
842,,错月:0/0,,建正:0,建正:0,,,,,建正:-1,,,错月:0/0,,,,,,建正:0,,,建正:0,,错月:0/0,建正:0,,建正:0,建正:0,建正:0,建正:0,失闰:0/*,建正:0,,,建正:0,建正:0,建正:0,,,,,建正:0
841,,错月:0/0,建正:0,建正:0,建正:0,建正:0,,建正:0,,,建正:0,错月:0/0,错月:0/0,,,,建正:0,,建正:0,,,错月:0/0,错月:0/0,错月:0/0,错月:0/0,,建正:0,错月:0/0,错月:0/0,建正:0,,,,错月:0/0,,错月:0/0,错月:0/0,,建正:+1,错月:0/0,建正:0,建正:0
840,,错月:0/0,建正:0,超闰:*/0,失闰:0/*,建正:0,建正:0,建正:0,,,建正:0,建正:0,,,错月:0/0,,建正:0,建正:0,建正:0,错月:0/0,超闰:*/0,,错月:0/0,,建正:0,建正:0,,错月:0/0,,失闰:0/*,,,,错月:0/0,,,,,,建正:0,建正:0,
839,建正:0,,失闰:0/*,,,错月:0/0,错月:0/0,错月:0/0,错月:0/0,,失闰:0/*,建正:0,,,错月:0/0,,错月:0/0,错月:0/0,,错月:0/0,错月:0/0,,错月:0/0,,,错月:0/0,,,,,错月:0/0,,建正:0,建正:0,建正:0,,,错月:-1/+1,,失闰:0/*,错月:0/0,
838,建正:0,,,,,,错月:0/0,,错月:0/0,,,,,,建正:0,,,建正:0,,错月:0/0,错月:0/0,超闰:*/0,,,,失闰:0/*,错月:0/0,,,,建正:0,错月:0/0,建正:0,,错月:0/0,,超闰:*/0,,,,,
837,,建正:0,,错月:0/0,错月:0/0,,,,错月:0/0,超闰:*/-1,,,建正:0,,,,,,错月:0/0,,,错月:0/0,,错月:0/0,错月:0/0,,错月:0/0,错月:0/0,错月:0/0,建正:0,超闰:*/0,错月:0/0,建正:0,,错月:0/0,错月:0/0,错月:0/0,,,,,错月:0/0
836,,建正:0,错月:0/0,错月:0/0,错月:0/0,超闰:*/0,,错月:0/0,,,错月:0/0,建正:0,建正:0,错月:0/+1,,,错月:0/0,,错月:0/0,,,错月:0/0,错月:0/0,建正:0,建正:0,,建正:0,错月:0/0,错月:0/0,错月:0/0,,,,建正:0,,建正:0,建正:0,,错月:+1/+1,建正:0,错月:0/0,错月:0/0
835,,建正:0,错月:0/0,失闰:0/*,建正:0,错月:0/0,,错月:0/0,,,错月:0/0,建正:0,建正:0,,建正:0,,错月:0/0,错月:0/0,错月:0/0,错月:0/0,,,建正:0,,超闰:*/0,错月:0/0,,建正:0,超闰:*/0,失闰:0/*,,,,建正:0,,,,,,建正:0,错月:0/0,
834,错月:0/0,,建正:0,,,建正:0,建正:0,错月:0/0,错月:0/0,,错月:0/0,错月:0/0,,,建正:0,,建正:0,建正:0,,建正:0,建正:0,,建正:0,,,建正:0,,,,,建正:0,,错月:0/0,错月:0/0,超闰:*/0,,,超闰:*/-1,,建正:0,建正:0,
833,错月:0/0,,,,,,建正:0,,建正:0,,,,,,建正:0,错月:0/+1,,建正:0,,建正:0,建正:0,建正:0,,,,建正:0,建正:0,,,,错月:0/0,建正:0,错月:0/0,,建正:0,,,,,,,
832,建正:0,建正:0,,错月:0/0,错月:0/0,,失闰:0/*,,建正:0,,,,建正:0,,,,,,错月:0/0,,失闰:0/*,建正:0,,建正:0,建正:0,,建正:0,,建正:0,错月:0/0,错月:0/0,建正:0,错月:0/0,,建正:0,建正:0,建正:0,,,,,建正:0
831,,错月:0/0,建正:0,建正:0,建正:0,,,错月:0/0,,,错月:0/0,错月:0/0,错月:0/0,建正:0,,,,,建正:0,,,建正:0,建正:0,错月:0/0,建正:0,,建正:0,建正:0,建正:0,建正:0,,,,超闰:*/0,,建正:0,建正:0,,建正:-1,错月:0/0,建正:0,建正:0
830,,错月:0/0,建正:0,建正:0,建正:0,建正:0,,建正:0,,,建正:0,错月:0/0,错月:0/0,,错月:0/0,,建正:0,建正:0,建正:0,建正:0,,,错月:0/0,错月:0/0,错月:0/0,建正:0,,错月:0/0,建正:0,建正:0,,,,错月:0/0,,失闰:0/*,建正:0,,,错月:0/0,建正:0,失闰:0/*
829,错月:0/0,,建正:0,,,建正:0,建正:0,建正:0,建正:0,,建正:0,建正:0,,,错月:0/0,,错月:0/0,错月:0/0,,错月:0/0,错月:0/0,,错月:0/0,,,建正:0,,,,,错月:0/0,,错月:0/0,错月:0/0,,,,,,建正:0,错月:0/0,
828,建正:0,,,,,失闰:0/*,错月:0/0,,错月:0/0,,,,,,错月:0/0,建正:0,,错月:0/0,,错月:0/0,错月:0/0,,,,,错月:0/0,错月:0/0,,,,错月:0/0,建正:0,建正:0,,建正:0,,,,,,,
827,超闰:*/0,超闰:*/0,,建正:0,建正:0,,建正:0,,错月:0/0,,,,错月:0/0,,,,,,建正:0,,错月:0/0,错月:0/0,,错月:0/0,错月:0/0,,错月:0/0,,错月:0/0,建正:0,建正:0,错月:0/0,建正:0,,错月:0/0,错月:0/0,错月:0/0,,,,,错月:0/0
826,,建正:0,错月:0/0,错月:0/0,错月:0/0,,,,,失闰:+1/*,建正:0,建正:0,建正:0,错月:-1/-1,,,,,错月:0/0,,,错月:0/0,超闰:*/0,错月:0/0,错月:0/0,,错月:0/0,错月:0/0,错月:0/0,建正:0,,错月:0/0,,,,错月:0/0,错月:0/0,,错月:-1/0,建正:0,超闰:*/0,错月:0/0
825,,建正:0,错月:0/0,错月:0/0,错月:0/0,错月:0/0,,错月:0/0,,,错月:0/0,建正:0,建正:0,,超闰:*/0,,错月:0/0,错月:0/0,错月:0/0,错月:0/0,,失闰:0/*,错月:0/0,建正:0,建正:0,错月:0/0,,错月:0/0,错月:0/0,错月:0/0,,,,建正:0,,建正:0,失闰:0/*,,,建正:0,错月:0/0,错月:0/0
824,建正:0,,错月:0/0,,,错月:0/0,错月:0/0,错月:0/0,错月:0/0,,错月:0/0,建正:0,,,建正:0,,错月:0/0,错月:0/0,,错月:0/0,错月:0/0,,建正:0,,,错月:0/0,,失闰:0/*,,,建正:0,,建正:0,建正:0,,,,,,建正:0,错月:0/0,
823,错月:0/0,,,,,建正:0,建正:0,,错月:0/0,,,,,,建正:0,超闰:*/-1,失闰:0/*,建正:0,,建正:0,建正:0,,,,,建正:0,超闰:*/0,,,,建正:0,错月:0/0,错月:0/0,,错月:0/0,,,,,,,
822,错月:0/0,,,超闰:*/0,错月:0/0,,建正:0,,建正:0,,,,建正:0,,,,,,错月:0/0,,建正:0,建正:0,,建正:0,建正:0,,建正:0,,错月:0/0,超闰:*/0,错月:0/0,建正:0,错月:0/0,,建正:0,建正:0,建正:0,,,,,建正:0
821,,建正:0,,错月:0/0,错月:0/0,,,,,,超闰:*/0,超闰:*/0,错月:0/0,,,,,,错月:0/0,,,建正:0,,建正:0,建正:0,,建正:0,建正:0,建正:0,错月:0/0,,建正:0,,,建正:0,建正:0,建正:0,,,错月:0/0,,建正:0
820,,错月:0/0,建正:0,建正:0,建正:0,建正:0,,建正:0,,,建正:0,错月:0/0,错月:0/0,,,,建正:0,,建正:0,,,建正:0,建正:0,错月:0/0,建正:0,,,建正:0,建正:0,建正:0,,,,错月:0/0,,错月:0/0,失闰:0/*,,,错月:0/0,建正:0,建正:0
819,错月:0/0,,建正:0,,,建正:0,建正:0,建正:0,,,建正:0,错月:0/0,,,错月:0/0,,建正:0,建正:0,,建正:0,建正:0,,错月:0/0,,,建正:0,,失闰:0/*,,,,,超闰:*/0,错月:0/0,,,,,,错月:0/0,建正:0,
818,建正:0,,,,,错月:0/0,错月:0/0,,建正:0,,,,,,错月:0/0,,失闰:0/*,错月:0/0,,错月:0/0,错月:0/0,,,,,建正:0,,,,,错月:0/0,建正:0,错月:0/0,建正:0,建正:0,,,建正:+1,,,,
817,建正:0,,,,,,错月:0/0,,错月:0/0,,,,,,,,,,,,错月:0/0,建正:0,,错月:0/0,,,错月:0/0,,建正:0,建正:0,错月:0/0,建正:0,建正:0,,错月:0/0,错月:0/0,错月:0/0,,,,,建正:0
816,,错月:0/0,,建正:0,建正:0,,,,,错月:-1/0,,,错月:0/0,,,,,,建正:0,,,错月:0/0,,错月:0/0,错月:0/0,,错月:0/0,错月:0/0,错月:0/0,建正:0,失闰:0/*,错月:0/0,,,失闰:0/*,错月:0/0,错月:0/0,,,,,错月:0/0
815,,建正:0,错月:0/0,错月:0/0,错月:0/0,错月:0/0,,建正:0,,,建正:0,建正:0,建正:0,,,,错月:0/0,,错月:0/0,,,错月:0/0,错月:0/0,错月:0/0,错月:0/0,,,错月:0/0,错月:0/0,建正:0,,,,建正:0,,错月:0/0,错月:0/0,,,建正:0,错月:0/0,错月:0/0
814,建正:0,,错月:0/0,建正:0,,错月:0/0,错月:0/0,错月:0/0,,,错月:0/0,建正:0,,,错月:0/0,,错月:0/0,错月:0/0,,错月:0/0,超闰:*/0,,错月:0/0,,,错月:0/0,,错月:0/0,,,,,,建正:0,,,,,,建正:0,错月:0/0,
813,建正:0,,失闰:0/*,,,错月:0/0,错月:0/0,错月:0/0,错月:0/0,,失闰:0/*,,,,建正:0,,错月:0/0,错月:0/0,,错月:0/0,错月:0/0,,建正:0,,,错月:0/0,,,,,建正:0,错月:0/0,建正:0,建正:0,错月:0/0,,,错月:0/+1,,,失闰:0/*,
812,错月:0/0,,,,超闰:*/0,,建正:0,,错月:0/0,,,,,,建正:0,,,,,,建正:0,错月:0/0,,建正:0,,失闰:0/*,错月:0/0,,,,建正:0,错月:0/0,错月:0/0,,错月:0/0,建正:0,建正:0,,,,,
811,,建正:0,,错月:0/0,错月:0/0,,,,,建正:0,,,建正:0,,,,,,错月:0/0,,,建正:0,,建正:0,建正:0,,建正:0,建正:0,建正:0,错月:0/0,建正:0,建正:0,失闰:0/*,,建正:0,建正:0,建正:0,,,,,建正:0
810,,建正:0,错月:0/0,错月:0/0,错月:0/0,错月:0/0,,错月:0/0,,,错月:0/0,错月:0/0,错月:0/0,建正:+1,,,错月:0/0,,错月:0/0,,,建正:0,建正:0,建正:0,建正:0,,超闰:*/0,建正:0,建正:0,错月:0/0,,,,建正:0,,建正:0,建正:0,,,错月:0/0,建正:0,建正:0
809,,错月:0/0,建正:0,失闰:0/*,,建正:0,建正:0,建正:0,,,建正:0,错月:0/0,,,建正:0,,建正:0,建正:0,,建正:0,,,建正:0,,,建正:0,,建正:0,失闰:0/*,失闰:0/*,,,,错月:0/0,,,,,,错月:0/0,建正:0,
808,错月:0/0,,建正:0,,,建正:0,建正:0,建正:0,建正:0,,建正:0,失闰:0/*,,,错月:0/0,,建正:0,建正:0,,建正:0,建正:0,,失闰:0/*,,,建正:0,,,,,错月:0/0,,错月:0/0,错月:0/0,建正:0,,,建正:-1,,,建正:0,
807,建正:0,,,,,,错月:0/0,,建正:0,,,,,,错月:0/0,错月:+1/+1,,建正:0,,错月:0/0,错月:0/0,建正:0,,,,失闰:0/*,建正:0,,,,错月:0/0,建正:0,建正:0,,建正:0,,,,,,,
806,,错月:0/0,,建正:0,建正:0,,,,失闰:0/*,超闰:*/-1,,,错月:0/0,,,,,,建正:0,,失闰:0/*,建正:0,,错月:0/0,错月:0/0,,错月:0/0,建正:0,建正:0,建正:0,建正:0,错月:0/0,建正:0,,错月:0/0,错月:0/0,错月:0/0,,,,,建正:0
805,,错月:0/0,建正:0,建正:0,建正:0,,,建正:0,,,建正:0,错月:0/0,错月:0/0,失闰:+1/*,,,,,建正:0,,,错月:0/0,错月:0/0,错月:0/0,错月:0/0,,失闰:0/*,错月:0/0,错月:0/0,建正:0,,,,错月:0/0,,错月:0/0,错月:0/0,,建正:0,错月:0/0,建正:0,错月:0/0
804,,建正:0,错月:0/0,失闰:0/*,建正:0,错月:0/0,,建正:0,,,建正:0,建正:0,建正:0,,错月:0/0,,错月:0/0,错月:0/0,错月:0/0,错月:0/0,,,错月:0/0,,失闰:0/*,错月:0/0,,错月:0/0,建正:0,建正:0,,,,建正:0,,,,,,建正:0,错月:0/0,
803,建正:0,,错月:0/0,,,错月:0/0,错月:0/0,错月:0/0,错月:0/0,,错月:0/0,建正:0,,,错月:0/0,,错月:0/0,错月:0/0,,错月:0/0,错月:0/0,,建正:0,,,错月:0/0,,,,,建正:0,,建正:0,建正:0,错月:0/0,,,超闰:*/-1,,超闰:*/0,错月:0/0,
802,建正:0,,,,,,错月:0/0,,错月:0/0,,,,,,建正:0,建正:+1,,失闰:0/*,,建正:0,建正:0,,,,,错月:0/0,错月:0/0,,,,建正:0,错月:0/0,建正:0,,错月:0/0,,,,,,,
801,,建正:0,,错月:0/0,错月:0/0,,,,错月:0/0,,,,建正:0,,,,,,错月:0/0,,,错月:0/0,,建正:0,错月:0/0,,建正:0,超闰:*/0,错月:0/0,错月:0/0,建正:0,错月:0/0,错月:0/0,,错月:0/0,建正:0,建正:0,,,,,错月:0/0
800,,建正:0,错月:0/0,错月:0/0,错月:0/0,,,超闰:*/0,,,错月:0/0,建正:0,建正:0,建正:0,,,,,错月:0/0,,,建正:0,建正:0,建正:0,建正:0,,建正:0,建正:0,建正:0,错月:0/0,,,,,,建正:0,建正:0,,错月:-1/0,建正:0,错月:0/0,建正:0
799,,建正:0,错月:0/0,错月:0/0,失闰:0/*,错月:0/0,,错月:0/0,,,错月:0/0,错月:0/0,错月:0/0,,建正:0,,建正:0,建正:0,建正:0,建正:0,,,建正:0,建正:0,建正:0,建正:0,,建正:0,建正:0,错月:0/0,,,,建正:0,,建正:0,失闰:0/*,,,错月:0/0,建正:0,建正:0
798,错月:0/0,,建正:0,,,建正:0,建正:0,建正:0,建正:0,,建正:0,错月:0/0,,,建正:0,,建正:0,建正:0,,建正:0,建正:0,,建正:0,,,建正:0,,,,,建正:0,,错月:0/0,错月:0/0,,,,,,失闰:0/*,建正:0,
797,错月:0/0,,,,,,建正:0,,建正:0,,,,,,错月:0/0,错月:-1/0,,建正:0,,建正:0,建正:0,,,,,建正:0,建正:0,,,,错月:0/0,建正:0,错月:0/0,,建正:0,,,,,,,
796,超闰:*/0,超闰:*/0,,建正:0,建正:0,,建正:0,,建正:0,,,,错月:0/0,,,,,,建正:0,,错月:0/0,建正:0,,错月:0/0,建正:0,,建正:0,,建正:0,错月:0/0,错月:0/0,建正:0,建正:0,,建正:0,建正:0,建正:0,,,,,建正:0
795,,错月:0/0,建正:0,建正:0,建正:0,,,建正:0,,,建正:0,错月:0/0,错月:0/0,,,,,,建正:0,,,错月:0/0,错月:0/0,错月:0/0,错月:0/0,,错月:0/0,建正:0,建正:0,建正:0,,失闰:0/*,,,,错月:0/0,错月:0/0,,,错月:0/0,,建正:0
794,,错月:0/0,建正:0,建正:0,建正:0,建正:0,,建正:0,,,建正:0,错月:0/0,错月:0/0,,错月:0/0,,建正:0,建正:0,建正:0,超闰:*/0,,,错月:0/0,错月:0/0,错月:0/0,建正:0,,错月:0/0,错月:0/0,建正:0,,,,错月:0/0,,错月:0/0,失闰:0/*,,,建正:0,建正:0,错月:0/0
793,建正:0,,错月:0/0,,,错月:0/0,错月:0/0,建正:0,建正:0,,建正:0,建正:0,,,错月:0/0,,错月:0/0,错月:0/0,,错月:0/0,错月:0/0,,错月:0/0,,,错月:0/0,,建正:0,,,,,建正:0,建正:0,,,,,,建正:0,错月:0/0,
792,建正:0,,,,,错月:0/0,错月:0/0,,错月:0/0,,,,,,建正:0,建正:-1,建正:0,错月:0/0,,错月:0/0,错月:0/0,,,,,错月:0/0,错月:0/0,,,,建正:0,错月:0/0,建正:0,失闰:0/*,错月:0/0,,,,,,,
791,建正:0,,,,建正:0,,失闰:0/*,,错月:0/0,,,,建正:0,,,,,,超闰:*/0,,建正:0,错月:0/0,,错月:0/0,错月:0/0,,错月:0/0,,错月:0/0,建正:0,建正:0,错月:0/0,建正:0,,错月:0/0,错月:0/0,错月:0/0,,,,,错月:0/0
790,,建正:0,超闰:*/0,错月:0/0,错月:0/0,,,,,建正:+1,超闰:*/0,建正:0,建正:0,,,,,,错月:0/0,,,错月:0/0,,建正:0,错月:0/0,,建正:0,错月:0/0,错月:0/0,错月:0/0,,错月:0/0,,,,建正:0,建正:0,,超闰:*/-1,建正:0,,错月:0/0
789,,建正:0,错月:0/0,错月:0/0,错月:0/0,错月:0/0,,错月:0/0,,,错月:0/0,建正:0,建正:0,,,,错月:0/0,超闰:*/0,错月:0/0,,,建正:0,建正:0,建正:0,建正:0,超闰:*/0,,建正:0,建正:0,错月:0/0,,,,建正:0,,建正:0,超闰:*/0,,,建正:0,错月:0/0,建正:0
788,错月:0/0,,建正:0,,,建正:0,建正:0,错月:0/0,超闰:*/0,,错月:0/0,错月:0/0,,,建正:0,,建正:0,建正:0,,建正:0,建正:0,,建正:0,,,建正:0,,超闰:*/0,,,,,超闰:*/0,错月:0/0,,,,,,错月:0/0,建正:0,
787,错月:0/0,,,,,建正:0,建正:0,,建正:0,,,,,,建正:0,,超闰:*/0,建正:0,,建正:0,建正:0,,,,,建正:0,,,,,错月:0/0,建正:0,错月:0/0,失闰:0/*,建正:0,,,,,,,
786,错月:0/0,,,,超闰:*/0,,建正:0,,建正:0,,,,,,,,,,,,建正:0,建正:0,,建正:0,,,建正:0,,,,错月:0/0,建正:0,错月:0/0,,建正:0,建正:0,建正:0,,,,,建正:0
785,,错月:0/0,,建正:0,建正:0,,,,,建正:0,,,错月:0/0,,,,,,建正:0,,,建正:0,,错月:0/0,建正:0,,建正:0,建正:0,建正:0,建正:0,,建正:0,,,建正:0,建正:0,建正:0,,,超闰:*/0,,建正:0
784,,错月:0/0,建正:0,建正:0,建正:0,建正:0,,建正:0,,,建正:0,错月:0/0,错月:0/0,,,,建正:0,,建正:0,,,错月:0/0,错月:0/0,错月:0/0,错月:0/0,,,错月:0/0,错月:0/0,建正:0,,,,错月:0/0,,错月:0/0,错月:0/0,,,错月:0/0,建正:0,错月:0/0
783,错月:0/0,错月:0/0,建正:0,失闰:0/*,,建正:0,建正:0,建正:0,,,建正:0,建正:0,,,错月:0/0,,建正:0,建正:0,,错月:0/0,超闰:*/0,,错月:0/0,,,建正:0,,错月:0/0,,失闰:0/*,,,,错月:0/0,,,,,,建正:0,错月:0/0,
782,建正:0,,失闰:0/*,,,错月:0/0,错月:0/0,失闰:0/*,错月:0/0,,,,,,错月:0/0,,错月:0/0,错月:0/0,,错月:0/0,错月:0/0,,失闰:0/*,,,错月:0/0,,,,,错月:0/0,建正:0,建正:0,超闰:*/0,建正:0,,,错月:0/+1,,,失闰:0/*,
781,建正:0,,,,,,错月:0/0,,错月:0/0,,,,,,,,,建正:0,,错月:0/0,错月:0/0,错月:0/0,,,,建正:0,错月:0/0,,超闰:*/0,,建正:0,错月:0/0,建正:0,,错月:0/0,错月:0/0,错月:0/0,,,,,超闰:*/0
780,,建正:0,,错月:0/0,错月:0/0,,,,失闰:0/*,超闰:*/-1,,,建正:0,,,,,,错月:0/0,,,错月:0/0,,错月:0/0,错月:0/0,,错月:0/0,错月:0/0,错月:0/0,建正:0,超闰:*/0,错月:0/0,,,错月:0/0,错月:0/0,错月:0/0,,,,,错月:0/0
779,,建正:0,错月:0/0,错月:0/0,错月:0/0,超闰:*/0,,错月:0/0,,,错月:0/0,建正:0,建正:0,失闰:+1/*,,,错月:0/0,,错月:0/0,,,错月:0/0,错月:0/0,建正:0,建正:0,,失闰:0/*,错月:0/0,错月:0/0,错月:0/0,,,,建正:0,,建正:0,建正:0,,失闰:+1/*,建正:0,错月:0/0,错月:0/0
778,,建正:0,错月:0/0,失闰:0/*,建正:0,错月:0/0,超闰:*/0,错月:0/0,,,错月:0/0,建正:0,建正:0,,建正:0,,错月:0/0,错月:0/0,错月:0/0,错月:0/0,,,建正:0,,错月:0/0,错月:0/0,,建正:0,,,,,,建正:0,,,,,,建正:0,错月:0/0,
777,错月:0/0,,建正:0,,,建正:0,建正:0,错月:0/0,错月:0/0,,错月:0/0,失闰:0/*,,,建正:0,,建正:0,建正:0,,建正:0,建正:0,,建正:0,,,建正:0,,,,,建正:0,,错月:0/0,错月:0/0,错月:0/0,,,错月:-1/0,,建正:0,建正:0,
776,错月:0/0,,,,,,建正:0,,建正:0,,,,,,建正:0,失闰:+1/*,,超闰:*/0,,建正:0,建正:0,建正:0,,,,超闰:*/0,建正:0,,,,错月:0/0,建正:0,错月:0/0,,建正:0,,建正:0,,,,,
775,,建正:0,,错月:0/0,错月:0/0,,,,建正:0,,,,建正:0,,,,,,错月:0/0,,,建正:0,,建正:0,建正:0,,建正:0,建正:0,建正:0,错月:0/0,失闰:0/*,建正:0,错月:0/0,,建正:0,建正:0,建正:0,,,,,建正:0
774,,错月:0/0,建正:0,建正:0,建正:0,建正:0,,错月:0/0,,,错月:0/0,错月:0/0,错月:0/0,建正:0,,,建正:0,,建正:0,,,建正:0,建正:0,错月:0/0,建正:0,,建正:0,建正:0,建正:0,建正:0,,,,错月:0/0,,错月:0/0,错月:0/0,,建正:+1,错月:0/0,建正:0,建正:0
773,,错月:0/0,建正:0,超闰:*/0,,建正:0,,建正:0,,,建正:0,错月:0/0,失闰:0/*,,错月:0/0,,建正:0,建正:0,建正:0,建正:0,,,错月:0/0,,失闰:0/*,建正:0,,错月:0/0,建正:0,建正:0,,,,错月:0/0,,,,,,错月:0/0,建正:0,失闰:0/*
772,错月:0/0,,建正:0,,,建正:0,建正:0,建正:0,建正:0,,建正:0,建正:0,,,错月:0/0,,错月:0/0,错月:0/0,,错月:0/0,错月:0/0,,错月:0/0,,,建正:0,,,,,错月:0/0,,错月:0/0,错月:0/0,建正:0,,,,,失闰:0/*,错月:0/0,
771,建正:0,,,,,,错月:0/0,,错月:0/0,,,,,,错月:0/0,建正:0,,错月:0/0,,错月:0/0,错月:0/0,,,,,错月:0/0,错月:0/0,,,,错月:0/0,建正:0,建正:0,,错月:0/0,,,,,,,
770,错月:0/0,错月:0/0,,建正:0,建正:0,,,,错月:0/0,,,,错月:0/0,,,,,,建正:0,,错月:0/0,错月:0/0,,错月:0/0,错月:0/0,,错月:0/0,超闰:*/0,错月:0/0,建正:0,建正:0,错月:0/0,建正:0,,错月:0/0,错月:0/0,错月:0/0,,,,,错月:0/0
769,,建正:0,错月:0/0,错月:0/0,错月:0/0,,,建正:0,,,建正:0,建正:0,建正:0,错月:-1/0,,,,,错月:0/0,,,错月:0/0,错月:0/0,错月:0/0,错月:0/0,,错月:0/0,错月:0/0,错月:0/0,建正:0,,失闰:0/*,,建正:0,,错月:0/0,错月:0/0,,错月:-1/0,建正:0,错月:0/0,错月:0/0
768,,建正:0,错月:0/0,错月:0/0,失闰:0/*,错月:0/0,,错月:0/0,,,错月:0/0,建正:0,建正:0,,错月:0/0,,错月:0/0,错月:0/0,错月:0/0,错月:0/0,,,错月:0/0,建正:0,建正:0,错月:0/0,,错月:0/0,失闰:0/*,失闰:0/*,,,,建正:0,,,失闰:0/*,,,建正:0,错月:0/0,错月:0/0
767,建正:0,,错月:0/0,,,错月:0/0,错月:0/0,错月:0/0,错月:0/0,,错月:0/0,建正:0,,,建正:0,,错月:0/0,错月:0/0,,错月:0/0,错月:0/0,,建正:0,,,错月:0/0,,,,,建正:0,,建正:0,建正:0,超闰:*/0,,,,,建正:0,错月:0/0,
766,错月:0/0,,,,,,建正:0,,错月:0/0,,,,,,建正:0,错月:-1/+1,失闰:0/*,建正:0,,建正:0,建正:0,,,,,建正:0,错月:0/0,,,,建正:0,错月:0/0,错月:0/0,,错月:0/0,,,,,,,
765,失闰:0/*,建正:0,,错月:0/0,错月:0/0,,错月:0/0,,建正:0,,,,建正:0,,,,,,错月:0/0,,建正:0,建正:0,,建正:0,建正:0,,建正:0,,建正:0,错月:0/0,错月:0/0,建正:0,错月:0/0,,建正:0,建正:0,建正:0,,,,,建正:0
764,,建正:0,超闰:*/0,错月:0/0,错月:0/0,,,,,,超闰:*/0,错月:0/0,错月:0/0,建正:-1,,,,,错月:0/0,,,建正:0,,建正:0,建正:0,,建正:0,建正:0,建正:0,错月:0/0,,建正:0,,,,建正:0,建正:0,,建正:-1,错月:0/0,建正:0,建正:0
763,,错月:0/0,建正:0,建正:0,建正:0,建正:0,,建正:0,,,建正:0,错月:0/0,错月:0/0,,,,建正:0,建正:0,建正:0,建正:0,,建正:0,建正:0,错月:0/0,建正:0,建正:0,,建正:0,建正:0,建正:0,,,,错月:0/0,,错月:0/0,建正:0,,,错月:0/0,建正:0,建正:0
762,错月:0/0,,建正:0,,,建正:0,建正:0,建正:0,建正:0,,建正:0,错月:0/0,,,错月:0/0,,建正:0,建正:0,,建正:0,建正:0,,错月:0/0,,,建正:0,,,,,超闰:*/0,,错月:0/0,错月:0/0,,,,,,错月:0/0,建正:0,
761,建正:0,,,,,失闰:0/*,错月:0/0,,建正:0,,,,,,错月:0/0,超闰:*/-1,,错月:0/0,,错月:0/0,错月:0/0,,,,,错月:0/0,,,,,错月:0/0,建正:0,错月:0/0,建正:0,建正:0,,,,,,,
760,建正:0,,,建正:0,建正:0,,失闰:0/*,,错月:0/0,,,,错月:0/0,,,,,,建正:0,,错月:0/0,建正:0,,错月:0/0,错月:0/0,,错月:0/0,,建正:0,建正:0,错月:0/0,建正:0,建正:0,,错月:0/0,错月:0/0,错月:0/0,,,,,建正:0
759,,错月:0/0,,建正:0,建正:0,,,,,失闰:+1/*,建正:0,超闰:*/0,错月:0/0,,,,,,建正:0,,,错月:0/0,超闰:*/0,错月:0/0,错月:0/0,,错月:0/0,错月:0/0,错月:0/0,建正:0,,错月:0/0,,,失闰:0/*,错月:0/0,错月:0/0,,,错月:0/0,,错月:0/0
758,,建正:0,错月:0/0,错月:0/0,错月:0/0,错月:0/0,,建正:0,,,建正:0,建正:0,建正:0,,超闰:*/0,,错月:0/0,超闰:*/0,错月:0/0,,,错月:0/0,错月:0/0,建正:0,错月:0/0,,,错月:0/0,错月:0/0,建正:0,,,,建正:0,,错月:0/0,错月:0/0,,,建正:0,错月:0/0,错月:0/0
757,建正:0,,错月:0/0,,,错月:0/0,错月:0/0,错月:0/0,超闰:*/0,,错月:0/0,建正:0,,,错月:0/0,,错月:0/0,错月:0/0,,错月:0/0,错月:0/0,,建正:0,,,错月:0/0,,失闰:0/*,,,,,,建正:0,,,,,,建正:0,错月:0/0,
756,建正:0,,,,,错月:0/0,错月:0/0,,错月:0/0,,,,,,建正:0,,错月:0/0,错月:0/0,,建正:0,建正:0,,,,,错月:0/0,超闰:*/0,,,,建正:0,错月:0/0,建正:0,超闰:*/0,错月:0/0,,,失闰:0/*,,,失闰:0/*,
755,错月:0/0,,,,超闰:*/0,,建正:0,,错月:0/0,,,,,,,,,,,,建正:0,错月:0/0,,建正:0,,,错月:0/0,,错月:0/0,超闰:*/0,建正:0,错月:0/0,错月:0/0,,错月:0/0,建正:0,建正:0,,,,,错月:0/0
754,,建正:0,,错月:0/0,错月:0/0,,,,,建正:0,,,建正:0,,,,,,错月:0/0,,,建正:0,,建正:0,建正:0,,建正:0,建正:0,建正:0,错月:0/0,建正:0,建正:0,,,建正:0,建正:0,建正:0,,,,,建正:0
753,,建正:0,错月:0/0,错月:0/0,错月:0/0,错月:0/0,,错月:0/0,,,错月:0/0,错月:0/0,错月:0/0,,,,建正:0,,建正:0,,,建正:0,建正:0,建正:0,建正:0,,,建正:0,建正:0,错月:0/0,,,,建正:0,,建正:0,建正:0,,,错月:0/0,建正:0,建正:0
752,错月:0/0,失闰:0/*,建正:0,失闰:0/*,,建正:0,建正:0,建正:0,,,建正:0,错月:0/0,,,建正:0,,建正:0,建正:0,,建正:0,建正:0,,建正:0,,失闰:0/*,建正:0,,建正:0,,,,,,错月:0/0,,,,,,错月:0/0,建正:0,
751,错月:0/0,,,,,建正:0,建正:0,建正:0,建正:0,,,,,,错月:0/0,,建正:0,建正:0,,建正:0,建正:0,,失闰:0/*,,,建正:0,,,,,错月:0/0,建正:0,错月:0/0,错月:0/0,建正:0,,,建正:+1,,,建正:0,
750,建正:0,,,,,,错月:0/0,,建正:0,,,,,,失闰:0/*,,,,,失闰:0/*,错月:0/0,建正:0,,,,,建正:0,,,,错月:0/0,建正:0,建正:0,,建正:0,,建正:0,,,,,
749,,错月:0/0,,建正:0,建正:0,,,,失闰:0/*,错月:-1/0,,,错月:0/0,,,,,,建正:0,,,建正:0,,错月:0/0,错月:0/0,,错月:0/0,建正:0,建正:0,建正:0,失闰:0/*,错月:0/0,,,错月:0/0,错月:0/0,错月:0/0,,,,,建正:0
748,,错月:0/0,建正:0,建正:0,建正:0,建正:0,,建正:0,,,建正:0,错月:0/0,错月:0/0,失闰:+1/*,,,建正:0,,建正:0,,,错月:0/0,错月:0/0,错月:0/0,错月:0/0,,失闰:0/*,错月:0/0,错月:0/0,建正:0,,,,错月:0/0,,错月:0/0,错月:0/0,,,错月:0/0,建正:0,错月:0/0
747,,建正:0,错月:0/0,建正:0,,错月:0/0,超闰:*/0,建正:0,,,建正:0,建正:0,,,错月:0/0,,错月:0/0,错月:0/0,失闰:0/*,错月:0/0,,,错月:0/0,,建正:0,错月:0/0,,错月:0/0,,建正:0,,,,建正:0,,,,,,建正:0,错月:0/0,
746,建正:0,,错月:0/0,,,错月:0/0,错月:0/0,错月:0/0,错月:0/0,,失闰:0/*,建正:0,,,建正:0,,错月:0/0,错月:0/0,,错月:0/0,错月:0/0,,建正:0,,,错月:0/0,,,,,建正:0,超闰:*/0,建正:0,建正:0,错月:0/0,,,错月:-1/0,,失闰:0/*,错月:0/0,
745,建正:0,,,,,,错月:0/0,,错月:0/0,,,,,,建正:0,建正:+1,,失闰:0/*,,建正:0,建正:0,错月:0/0,,,,失闰:0/*,错月:0/0,,,,建正:0,错月:0/0,建正:0,,错月:0/0,,,,,,,
744,,建正:0,,错月:0/0,错月:0/0,,,,建正:0,,,,建正:0,,,,,,错月:0/0,,,错月:0/0,,建正:0,错月:0/0,,建正:0,超闰:*/0,错月:0/0,错月:0/0,建正:0,错月:0/0,失闰:0/*,,错月:0/0,建正:0,建正:0,,,,,错月:0/0
743,,建正:0,错月:0/0,错月:0/0,错月:0/0,,,错月:0/0,,,错月:0/0,建正:0,建正:0,建正:+1,,,超闰:*/0,,错月:0/0,,,建正:0,建正:0,建正:0,建正:0,,超闰:*/0,建正:0,建正:0,错月:0/0,,,,建正:0,,建正:0,建正:0,,错月:0/+1,建正:0,错月:0/0,建正:0
742,,错月:0/0,建正:0,建正:0,超闰:*/0,建正:0,,错月:0/0,,,错月:0/0,错月:0/0,错月:0/0,,建正:0,,建正:0,建正:0,建正:0,建正:0,,,建正:0,建正:0,超闰:*/0,建正:0,,建正:0,失闰:0/*,失闰:0/*,,,,建正:0,,,,,,错月:0/0,建正:0,
741,错月:0/0,,建正:0,,,建正:0,建正:0,建正:0,建正:0,,建正:0,错月:0/0,,,建正:0,,建正:0,建正:0,,建正:0,建正:0,,建正:0,,,建正:0,,,,,建正:0,,错月:0/0,错月:0/0,建正:0,,,建正:-1,,失闰:0/*,,
740,错月:0/0,,,,,,建正:0,,建正:0,,,,,,错月:0/0,错月:0/+1,,建正:0,,建正:0,建正:0,,,,,建正:0,建正:0,,,,错月:0/0,建正:0,错月:0/0,,建正:0,,,,,,,
739,失闰:0/*,错月:0/0,,建正:0,建正:0,,,,建正:0,,,,错月:0/0,,,,,,建正:0,,失闰:0/*,建正:0,,错月:0/0,建正:0,,建正:0,,建正:0,错月:0/0,错月:0/0,建正:0,建正:0,,建正:0,建正:0,建正:0,,,,,
738,,错月:0/0,建正:0,建正:0,建正:0,,,建正:0,,,建正:0,错月:0/0,错月:0/0,建正:-1,,,,,建正:0,,,错月:0/0,错月:0/0,错月:0/0,错月:0/0,,错月:0/0,建正:0,建正:0,建正:0,,失闰:0/*,,超闰:*/0,,错月:0/0,错月:0/0,,建正:0,错月:0/0,,
737,,错月:0/0,建正:0,建正:0,超闰:*/0,建正:0,,建正:0,,,建正:0,错月:0/0,错月:0/0,,错月:0/0,,建正:0,建正:0,建正:0,错月:0/0,,,错月:0/0,失闰:0/*,失闰:0/*,建正:0,,错月:0/0,失闰:0/*,建正:0,,,,错月:0/0,,错月:0/0,,,,错月:0/0,,
736,建正:0,,错月:0/0,,,错月:0/0,错月:0/0,建正:0,建正:0,,建正:0,建正:0,,,错月:0/0,,错月:0/0,错月:0/0,,错月:0/0,错月:0/0,,错月:0/0,,,错月:0/0,,,,,错月:0/0,,建正:0,建正:0,,,,,,超闰:*/0,,
735,建正:0,,,,,,错月:0/0,,错月:0/0,,,,,,建正:0,建正:-1,,错月:0/0,,错月:0/0,错月:0/0,,,,,错月:0/0,错月:0/0,,,,建正:0,错月:0/0,建正:0,,错月:0/0,,,,,,,
734,建正:0,超闰:*/0,,建正:0,建正:0,,建正:0,,错月:0/0,,,,建正:0,,,,,,错月:0/0,,建正:0,错月:0/0,,错月:0/0,错月:0/0,,错月:0/0,,错月:0/0,建正:0,建正:0,错月:0/0,建正:0,,错月:0/0,错月:0/0,错月:0/0,,,,,
733,,建正:0,错月:0/0,错月:0/0,错月:0/0,,,超闰:*/0,,,错月:0/0,建正:0,建正:0,超闰:*/-1,,,,,错月:0/0,,,错月:0/0,超闰:*/0,建正:0,错月:0/0,,建正:0,错月:0/0,错月:0/0,错月:0/0,,错月:0/0,,,,建正:0,建正:0,,,,,
732,,建正:0,错月:0/0,错月:0/0,错月:0/0,错月:0/0,,错月:0/0,,,错月:0/0,建正:0,建正:0,,建正:0,,错月:0/0,错月:0/0,错月:0/0,超闰:*/0,,,建正:0,建正:0,建正:0,错月:0/0,,建正:0,建正:0,错月:0/0,,,,建正:0,,,,,,,,
731,错月:0/0,,建正:0,,,建正:0,建正:0,错月:0/0,错月:0/0,,错月:0/0,错月:0/0,,,建正:0,,建正:0,建正:0,,建正:0,建正:0,,建正:0,,,建正:0,,失闰:0/*,,,,,建正:0,建正:0,,,,,,,,
730,错月:0/0,,,,,建正:0,建正:0,,建正:0,,,,,,建正:0,超闰:*/-1,超闰:*/0,建正:0,,建正:0,建正:0,,,,,建正:0,建正:0,,,,建正:0,错月:0/0,错月:0/0,,建正:0,,,,,,,
729,错月:0/0,,,超闰:*/0,错月:0/0,,建正:0,,建正:0,,,,建正:0,,,,,,超闰:*/0,,建正:0,建正:0,,建正:0,建正:0,,建正:0,,建正:0,错月:0/0,错月:0/0,建正:0,错月:0/0,,,,,,,,,
728,,错月:0/0,,建正:0,建正:0,,,,,建正:+1,,超闰:*/0,错月:0/0,,,,,,建正:0,,,建正:0,,错月:0/0,建正:0,,建正:0,建正:0,建正:0,错月:0/0,,建正:0,,,,,,,,,,
727,,错月:0/0,建正:0,建正:0,建正:0,建正:0,,建正:0,,,建正:0,错月:0/0,错月:0/0,,,,建正:0,建正:0,建正:0,,,失闰:0/*,错月:0/0,错月:0/0,错月:0/0,,,建正:0,建正:0,建正:0,,,,,,,,,,,,
726,错月:0/0,,建正:0,,,建正:0,建正:0,建正:0,,,建正:0,建正:0,,,错月:0/0,,建正:0,建正:0,,错月:0/0,错月:0/0,,错月:0/0,,,建正:0,,建正:0,,,,,,,,,,,,,,
725,建正:0,,,,,错月:0/0,错月:0/0,失闰:0/*,错月:0/0,,,,,,错月:0/0,,失闰:0/*,错月:0/0,,错月:0/0,错月:0/0,,失闰:0/*,,,错月:0/0,,,,,,,,,,,,,,,,
724,建正:0,,,,建正:0,,错月:0/0,,错月:0/0,,,,超闰:*/0,,,,,,,,错月:0/0,错月:0/0,,错月:0/0,超闰:*/0,,错月:0/0,,超闰:*/0,,,,,,,,,,,,,
723,,建正:0,,错月:0/0,错月:0/0,,,,,错月:0/+1,,,建正:0,,,,,,错月:0/0,,,错月:0/0,,错月:0/0,错月:0/0,,错月:0/0,,,,,,,,,,,,,,,
722,,建正:0,错月:0/0,错月:0/0,错月:0/0,错月:0/0,,错月:0/0,,,错月:0/0,建正:0,建正:0,,,,错月:0/0,,错月:0/0,,,错月:0/0,错月:0/0,建正:0,错月:0/0,,失闰:0/*,,,,,,,,,,,,,,,
721,建正:0,建正:0,错月:0/0,,,错月:0/0,错月:0/0,错月:0/0,,,错月:0/0,建正:0,,,建正:0,,错月:0/0,错月:0/0,,错月:0/0,,,建正:0,,,错月:0/0,,,,,,,,,,,,,,,,
720,错月:0/0,,,,,建正:0,建正:0,失闰:0/*,错月:0/0,,,,,,建正:0,,建正:0,建正:0,,建正:0,建正:0,,,,,建正:0,,,,,,,,,,,,,,,,
719,错月:0/0,,,,,,建正:0,,建正:0,,,,,,,,,失闰:0/*,,建正:0,建正:0,错月:0/0,,,,,,,,,,,,,,,,,,,,
718,,建正:0,,错月:0/0,错月:0/0,,,,,建正:-1,,,建正:0,,,,,,错月:0/0,,,建正:0,,建正:0,,,,,,,,,,,,,,,,,,
717,,错月:0/0,建正:0,建正:0,建正:0,建正:0,,错月:0/0,,,错月:0/0,错月:0/0,错月:0/0,,,,建正:0,,建正:0,,,建正:0,建正:0,错月:0/0,,,,,,,,,,,,,,,,,,
716,超闰:*/0,错月:0/0,建正:0,超闰:*/0,失闰:0/*,建正:0,建正:0,建正:0,,,建正:0,错月:0/0,失闰:0/*,,错月:0/0,,建正:0,建正:0,建正:0,建正:0,,,错月:0/0,,,,,,,,,,,,,,,,,,,
715,错月:0/0,,建正:0,,,建正:0,建正:0,建正:0,建正:0,,建正:0,建正:0,,,错月:0/0,,建正:0,建正:0,,错月:0/0,错月:0/0,,,,,,,,,,,,,,,,,,,,,
714,建正:0,,,,,,错月:0/0,,错月:0/0,,,,,,错月:0/0,,,建正:0,,,,,,,,,,,,,,,,,,,,,,,,
713,,错月:0/0,,建正:0,建正:0,,,,错月:0/0,超闰:*/-1,,,错月:0/0,,,,,,建正:0,,,,,,,,,,,,,,,,,,,,,,,
712,,建正:0,错月:0/0,错月:0/0,错月:0/0,超闰:*/0,,建正:0,,,建正:0,建正:0,建正:0,错月:0/+1,,,错月:0/0,,错月:0/0,,,,,,,,,,,,,,,,,,,,,,,
711,,建正:0,错月:0/0,失闰:0/*,建正:0,错月:0/0,,错月:0/0,,,错月:0/0,建正:0,建正:0,,错月:0/0,,,,,,,,,,,,,,,,,,,,,,,,,,,
710,建正:0,,错月:0/0,,,错月:0/0,错月:0/0,错月:0/0,错月:0/0,,错月:0/0,建正:0,,,建正:0,,,,,,,,,,,,,,,,,,,,,,,,,,,
709,错月:0/0,,,,,,建正:0,,错月:0/0,,,,,,建正:0,错月:0/+1,,,,,,,,,,,,,,,,,,,,,,,,,,
708,建正:0,建正:0,,错月:0/0,错月:0/0,,失闰:0/*,,建正:0,,,,建正:0,,,,,,,,,,,,,,,,,,,,,,,,,,,,,
707,,建正:0,错月:0/0,错月:0/0,错月:0/0,,,错月:0/0,,,错月:0/0,建正:0,建正:0,建正:0,,,,,,,,,,,,,,,,,,,,,,,,,,,,
706,,错月:0/0,建正:0,建正:0,建正:0,建正:0,,错月:0/0,,,错月:0/0,错月:0/0,错月:0/0,,建正:0,,,,,,,,,,,,,,,,,,,,,,,,,,,
705,错月:0/0,,建正:0,,,建正:0,建正:0,建正:0,建正:0,,建正:0,错月:0/0,,,错月:0/0,,,,,,,,,,,,,,,,,,,,,,,,,,,
704,错月:0/0,,,,,建正:0,建正:0,,建正:0,,,,,,,,,,,,,,,,,,,,,,,,,,,,,,,,,
703,超闰:*/0,超闰:*/0,,建正:0,建正:0,,建正:0,,错月:0/0,,,,,,,,,,,,,,,,,,,,,,,,,,,,,,,,,
702,,错月:0/0,建正:0,建正:0,建正:0,,,,,,,,,,,,,,,,,,,,,,,,,,,,,,,,,,,,,
701,,建正:0,错月:0/0,错月:0/0,失闰:0/*,错月:0/0,,,,,,,,,,,,,,,,,,,,,,,,,,,,,,,,,,,,